,company_profile,description,requirements,benefits,telecommuting,has_company_logo,has_questions,employment_type,required_experience,required_education,fraudulent
98,130,272,148,78,0,1,1,2,6,5,1
144,0,59,0,0,0,0,0,0,0,0,1
173,77,589,150,43,0,1,1,2,6,3,1
180,0,2,2,2,0,0,0,0,0,0,1
215,130,272,148,83,0,1,1,2,6,5,1
357,31,28,8,4,0,0,0,1,1,0,1
493,0,54,39,0,0,0,0,2,3,5,1
537,0,234,0,0,0,0,0,2,0,0,1
573,147,552,144,67,0,1,1,2,6,2,1
584,0,291,0,0,0,0,0,2,0,0,1
603,54,244,110,36,0,1,0,2,0,0,1
606,114,189,108,0,0,1,1,2,0,2,1
628,77,105,43,177,0,1,1,2,6,3,1
661,147,189,108,0,0,1,1,2,0,2,1
740,130,133,300,91,0,1,1,2,6,2,1
812,130,78,42,164,0,1,1,2,6,3,1
814,130,171,81,57,0,1,1,2,6,2,1
816,77,602,158,43,0,1,0,0,0,0,1
825,77,198,84,54,0,1,1,2,6,2,1
843,61,165,85,10,0,1,1,2,1,5,1
845,61,103,61,10,0,1,1,2,3,5,1
859,56,326,91,0,0,1,0,1,4,0,1
937,147,0,269,18,0,1,1,2,6,2,1
997,56,240,0,0,0,1,0,1,4,0,1
1138,0,206,0,0,0,0,0,2,3,10,1
1152,0,97,0,0,0,0,0,2,3,10,1
1170,0,97,0,0,0,0,0,2,3,0,1
1202,0,78,350,0,0,0,0,1,6,2,1
1204,83,276,117,93,0,1,1,2,3,2,1
1217,114,99,2,0,0,1,0,0,0,0,1
1287,0,278,0,0,0,0,0,2,0,0,1
1407,0,115,0,0,0,0,0,0,0,0,1
1420,0,34,0,0,0,0,0,1,6,2,1
1494,82,238,24,25,0,1,0,2,3,3,1
1518,54,425,91,0,0,1,0,2,0,0,1
1655,54,740,49,36,0,1,0,2,0,0,1
1662,0,73,17,50,0,0,0,3,3,5,1
1700,0,213,18,24,0,0,0,2,0,0,1
1813,54,346,110,93,0,1,0,2,0,0,1
1821,54,286,41,110,0,1,0,2,0,0,1
1822,54,245,114,92,0,1,0,2,0,2,1
1843,0,87,161,19,0,0,0,2,3,2,1
1854,54,175,120,0,0,1,0,2,6,2,1
1857,54,271,22,36,0,1,0,2,0,0,1
1859,54,290,208,0,0,1,0,2,0,2,1
1867,54,343,391,0,0,1,0,2,6,2,1
1878,0,79,0,0,0,0,0,0,0,0,1
1922,0,174,21,20,0,0,0,2,3,5,1
1935,54,339,170,0,0,1,0,2,6,6,1
1960,147,280,69,200,0,1,1,2,6,2,1
1993,54,308,397,0,0,1,0,2,4,2,1
1995,0,106,30,19,1,0,0,2,3,10,1
2009,0,209,59,0,0,0,0,2,5,7,1
2013,54,125,93,0,0,1,0,2,6,2,1
2014,0,56,47,2,0,0,1,4,0,0,1
2019,54,267,78,36,0,1,0,2,0,7,1
2021,54,345,135,86,0,1,0,2,0,6,1
2041,54,290,208,0,0,1,0,2,0,2,1
2044,54,286,79,37,0,1,0,2,0,0,1
2051,220,94,12,0,0,1,1,2,0,0,1
2075,54,214,89,0,0,1,0,2,0,3,1
2077,54,258,98,0,0,1,0,2,6,6,1
2078,54,548,128,37,0,1,0,2,0,0,1
2136,54,419,27,36,0,1,0,2,0,6,1
2183,54,370,52,36,0,1,0,2,0,0,1
2191,0,97,34,33,1,0,0,2,5,10,1
2209,0,115,0,0,0,0,0,0,0,0,1
2266,0,115,0,0,0,0,0,0,0,0,1
2273,98,58,8,7,1,1,0,2,3,5,1
2277,0,112,157,0,0,0,0,1,0,0,1
2367,147,185,76,60,0,1,1,2,6,2,1
2368,147,357,45,0,0,1,1,2,6,2,1
2379,0,50,39,16,0,0,0,2,3,5,1
2396,147,119,52,329,0,1,1,2,6,2,1
2407,147,256,146,0,0,1,1,2,2,6,1
2433,147,122,57,97,0,1,1,2,2,6,1
2444,0,153,47,0,0,0,1,1,6,2,1
2483,0,43,56,16,0,0,0,2,5,5,1
2616,0,373,138,1,0,0,0,0,0,0,1
2652,98,39,47,9,1,1,0,2,3,0,1
2739,0,101,60,20,0,0,0,2,3,10,1
2750,135,76,40,17,0,1,0,1,3,2,1
2785,0,125,59,25,0,0,0,4,0,0,1
2890,0,121,99,4,0,0,1,2,0,2,1
2892,0,378,72,15,0,0,0,2,0,6,1
2897,109,23,15,2,1,1,0,2,3,5,1
2921,0,65,460,9,0,1,0,0,0,0,1
2927,0,303,147,1,0,0,0,0,0,0,1
2930,0,127,0,4,0,0,0,4,7,10,1
2939,51,138,1,0,1,1,0,0,0,0,1
2969,0,475,42,0,0,0,0,2,0,0,1
2977,0,236,25,32,0,0,1,2,3,5,1
3055,0,272,0,0,0,0,0,2,0,0,1
3146,0,216,14,72,0,0,0,0,0,0,1
3166,0,94,0,104,1,0,1,0,0,0,1
3175,0,236,47,26,1,0,1,0,0,0,1
3179,0,100,22,73,0,0,0,0,0,0,1
3182,0,100,22,73,0,0,0,0,0,0,1
3185,0,100,22,73,0,0,0,0,0,0,1
3189,0,100,22,73,0,0,0,0,0,0,1
3190,0,100,22,73,0,0,0,0,0,0,1
3194,0,61,15,79,0,0,0,0,0,0,1
3198,0,61,15,79,0,0,0,0,0,0,1
3230,220,26,470,125,0,1,1,2,3,5,1
3242,220,23,33,3,0,1,1,2,3,5,1
3269,77,175,24,0,0,1,1,2,6,2,1
3274,0,128,323,0,0,0,1,0,0,0,1
3292,0,125,18,0,0,0,1,0,0,0,1
3310,98,58,8,7,1,1,0,2,3,5,1
3320,0,275,10,0,0,0,0,1,0,0,1
3326,0,61,77,0,1,0,0,0,0,0,1
3345,0,104,122,50,0,0,0,2,3,5,1
3367,0,309,82,0,0,0,0,1,4,0,1
3438,0,71,0,0,0,0,0,2,6,2,1
3463,0,112,32,0,0,0,1,2,0,5,1
3507,0,265,0,0,0,0,0,2,0,0,1
3608,106,88,38,41,0,1,0,2,1,5,1
3609,98,58,8,7,1,1,0,2,3,5,1
3611,106,88,38,41,0,1,0,2,1,5,1
3614,106,88,38,40,0,1,0,2,0,5,1
3615,106,103,46,35,0,1,0,2,0,5,1
3618,106,88,38,41,0,1,0,2,1,5,1
3627,220,66,460,9,0,1,0,0,0,0,1
3644,0,121,161,162,1,0,0,2,3,5,1
3711,0,136,111,0,0,1,1,1,6,2,1
3723,0,303,276,0,0,0,0,2,0,6,1
3807,31,84,43,16,0,1,0,2,7,5,1
3881,0,532,0,0,0,0,0,0,0,0,1
3933,77,147,82,56,0,1,1,2,6,2,1
3941,98,58,8,7,1,1,0,2,3,5,1
3947,77,171,81,57,0,1,1,2,6,2,1
4004,0,18,99,52,0,0,0,2,3,10,1
4052,0,86,161,19,0,0,0,2,3,2,1
4053,0,55,0,0,0,0,0,2,3,0,1
4070,0,53,262,54,0,0,0,4,3,3,1
4145,49,29,214,0,0,1,0,2,3,5,1
4183,118,221,82,18,0,1,1,2,3,5,1
4266,109,24,11,3,1,1,0,2,3,5,1
4315,0,548,128,37,0,0,0,0,0,0,1
4344,0,637,115,36,0,0,0,0,0,0,1
4346,0,267,78,11,0,0,0,0,0,0,1
4349,0,245,114,92,0,0,0,0,0,0,1
4350,0,419,101,37,0,0,0,0,0,0,1
4352,0,397,172,0,0,0,0,0,0,0,1
4354,0,287,79,37,0,0,0,0,0,0,1
4357,0,353,120,86,0,0,0,0,0,0,1
4402,98,75,12,6,1,1,0,2,3,5,1
4448,0,292,398,0,0,0,0,2,0,0,1
4536,98,58,8,7,1,1,0,2,3,5,1
4565,0,90,161,19,0,0,0,2,3,2,1
4577,0,200,0,0,0,0,0,0,0,5,1
4578,61,71,61,13,0,1,1,2,3,5,1
4589,114,46,5,0,1,1,0,0,0,0,1
4593,61,129,68,21,0,1,1,2,3,5,1
4594,61,190,97,53,0,1,1,2,3,5,1
4599,61,159,104,3,0,1,1,2,6,2,1
4605,61,174,58,3,0,1,1,2,3,5,1
4607,61,127,179,50,0,1,1,2,1,5,1
4650,9,245,3,30,0,1,0,0,0,0,1
4660,0,115,49,13,0,0,1,2,3,5,1
4668,120,241,124,2,0,1,1,2,2,5,1
4675,0,39,99,0,0,0,0,0,0,0,1
4680,0,56,36,0,0,0,0,2,0,0,1
4695,0,420,31,0,0,0,0,2,0,0,1
4737,0,532,0,0,0,0,0,0,0,0,1
4743,120,232,31,30,0,1,1,2,1,5,1
4749,120,138,11,3,0,1,1,2,1,5,1
4761,0,51,5,13,0,0,1,1,7,5,1
4772,0,131,157,0,0,0,1,0,0,0,1
4804,0,55,1,0,0,0,1,2,7,10,1
4807,0,189,2,28,0,0,0,2,3,10,1
4811,0,122,122,122,0,0,1,4,6,6,1
4832,147,7,0,122,0,1,1,2,6,2,1
4910,0,101,61,14,0,0,0,2,3,5,1
4939,0,97,53,68,0,0,0,4,7,10,1
4967,114,162,52,3,1,1,1,1,1,3,1
5016,0,540,16,0,0,0,0,2,0,0,1
5025,0,74,26,16,0,0,0,2,3,5,1
5026,0,120,0,135,0,0,0,0,0,0,1
5058,0,221,104,11,0,0,0,2,6,6,1
5073,0,183,134,16,0,0,1,2,3,1,1
5115,0,136,45,16,0,0,0,2,5,5,1
5165,0,121,6,0,0,0,0,0,0,0,1
5166,0,129,3,0,0,0,1,0,0,0,1
5254,0,99,137,81,1,0,0,1,1,5,1
5298,51,51,25,7,0,1,0,0,0,0,1
5353,0,108,115,18,0,0,0,0,0,0,1
5362,0,124,0,0,0,1,1,2,7,5,1
5413,0,64,65,0,0,0,0,2,0,0,1
5418,0,125,0,0,0,0,0,0,0,0,1
5432,0,162,7,30,0,0,0,0,0,0,1
5434,0,17,0,0,0,0,1,0,0,0,1
5435,0,346,37,167,0,0,0,2,0,0,1
5441,9,122,4,10,0,1,1,0,0,0,1
5442,36,51,13,5,0,1,1,2,6,1,1
5443,36,61,8,5,0,1,1,2,6,1,1
5444,56,309,82,0,0,1,0,2,4,0,1
5450,0,207,14,72,0,0,1,0,0,0,1
5451,0,67,37,34,1,0,0,0,0,0,1
5472,79,115,64,260,0,1,1,2,6,6,1
5495,0,100,22,57,0,0,0,0,0,0,1
5498,0,100,22,73,0,0,0,0,0,0,1
5499,0,72,0,0,0,0,1,0,0,0,1
5502,0,100,22,73,0,0,0,0,0,0,1
5504,79,122,57,356,0,1,1,2,2,6,1
5505,0,100,22,73,0,0,0,0,0,0,1
5506,0,100,22,73,0,0,0,0,0,0,1
5510,0,100,22,73,0,0,0,0,0,0,1
5511,0,100,22,73,0,0,0,0,0,0,1
5513,0,100,22,73,0,0,0,0,0,0,1
5516,0,61,15,79,0,0,0,0,0,0,1
5518,0,61,15,79,0,0,0,0,0,0,1
5519,0,61,15,79,0,0,0,0,0,0,1
5520,0,61,15,79,0,0,0,0,0,0,1
5522,0,61,15,79,0,0,0,0,0,0,1
5523,0,61,15,79,0,0,0,0,0,0,1
5524,0,182,37,0,1,0,0,0,0,0,1
5526,0,61,15,79,0,0,0,0,0,0,1
5529,0,77,5,0,0,0,0,2,7,10,1
5562,132,178,68,10,0,1,0,2,0,5,1
5566,0,369,0,0,0,0,0,2,3,2,1
5567,77,69,72,54,0,1,1,2,6,2,1
5572,0,151,29,48,0,0,0,0,0,0,1
5573,0,128,323,0,0,0,1,0,0,0,1
5577,0,126,269,0,0,0,1,0,0,0,1
5578,0,126,146,0,0,0,1,0,0,0,1
5582,0,125,29,0,0,0,1,0,0,0,1
5584,0,291,98,0,0,0,0,2,0,0,1
5585,0,128,0,48,0,0,0,0,0,0,1
5600,0,159,60,0,0,0,0,2,0,10,1
5610,0,42,36,23,0,0,0,2,0,0,1
5627,0,61,55,0,0,0,0,2,5,5,1
5661,0,121,63,0,0,0,0,4,0,5,1
5672,0,147,54,111,0,0,1,2,6,2,1
5687,0,106,34,26,0,0,0,2,7,10,1
5688,0,76,22,16,0,0,0,2,3,5,1
5691,0,106,34,14,0,0,0,3,7,10,1
5697,0,379,0,0,0,0,0,2,6,6,1
5698,0,358,0,0,0,0,0,2,6,2,1
5720,0,532,0,0,0,0,0,0,0,0,1
5744,106,88,38,41,0,1,0,2,1,5,1
5750,106,88,38,41,0,1,0,2,0,5,1
5751,106,88,38,41,0,1,0,2,1,5,1
5759,106,88,38,40,0,1,0,2,1,5,1
5760,106,88,38,41,0,1,0,2,1,5,1
5783,0,48,76,25,0,0,1,4,5,10,1
5804,0,59,258,12,1,0,1,2,3,10,1
5808,120,395,248,64,0,1,1,2,3,5,1
5838,77,66,89,177,0,1,1,2,6,3,1
5849,0,347,57,0,0,0,0,2,0,0,1
5869,0,411,132,0,0,0,0,2,0,0,1
5870,42,67,47,14,0,1,1,2,3,5,1
5894,0,203,49,0,0,0,0,2,0,0,1
5926,0,126,63,54,0,0,0,4,0,0,1
5941,0,110,0,0,0,0,0,2,0,0,1
5943,0,110,0,0,0,0,0,2,0,0,1
6056,0,75,118,40,1,0,0,2,7,5,1
6057,0,75,118,40,0,0,0,2,7,5,1
6058,0,75,118,40,0,0,0,2,7,5,1
6087,0,226,52,0,0,0,0,2,0,0,1
6110,0,122,91,42,0,0,0,2,3,10,1
6128,0,141,0,0,0,0,0,5,3,10,1
6144,0,97,16,0,0,0,0,2,7,2,1
6145,0,273,136,0,0,0,0,2,0,0,1
6172,220,115,20,3,0,1,1,2,3,5,1
6202,220,65,142,116,0,1,1,2,3,1,1
6205,0,267,0,0,0,0,0,2,0,0,1
6230,0,176,31,0,0,0,1,2,0,5,1
6231,0,155,33,0,0,0,1,0,0,0,1
6237,0,287,350,0,0,0,0,2,0,0,1
6285,0,240,171,1,0,0,0,0,0,0,1
6287,0,383,24,36,0,0,0,2,0,0,1
6301,0,740,56,36,0,0,0,0,0,0,1
6333,61,164,17,5,0,1,0,4,3,5,1
6363,0,231,90,0,0,0,1,1,2,2,1
6374,0,25,55,0,0,1,1,1,6,2,1
6375,0,500,98,0,0,0,0,2,4,2,1
6386,0,432,153,0,0,0,0,2,0,0,1
6412,0,244,110,36,0,0,0,0,0,0,1
6484,0,213,18,24,0,0,1,0,0,0,1
6500,61,227,48,32,0,1,1,2,3,5,1
6505,61,140,149,2,0,1,1,2,3,5,1
6518,61,409,245,4,0,1,1,2,3,5,1
6521,61,95,64,3,0,1,1,2,3,5,1
6527,61,93,48,15,0,1,1,2,1,5,1
6528,61,127,172,50,0,1,1,2,1,5,1
6546,61,72,40,45,0,1,1,2,1,5,1
6549,0,532,0,0,0,0,0,0,0,0,1
6550,120,141,72,14,0,1,1,2,3,5,1
6552,0,169,0,0,0,0,0,2,0,0,1
6556,0,213,18,24,0,0,1,0,0,0,1
6557,0,72,32,18,0,0,0,2,0,0,1
6559,0,78,0,37,0,0,0,2,0,0,1
6560,0,47,35,19,0,0,0,2,0,0,1
6564,120,149,7,5,0,1,1,2,1,5,1
6565,120,94,29,21,0,1,1,2,1,5,1
6566,120,232,31,30,0,1,1,2,1,5,1
6568,120,112,58,3,0,1,1,2,1,5,1
6574,0,8,5,7,0,0,1,3,0,10,1
6575,0,1183,116,36,0,0,0,0,0,0,1
6621,0,286,41,110,0,0,0,0,0,0,1
6635,0,310,88,0,0,0,0,0,0,0,1
6668,0,213,18,24,0,0,1,0,0,0,1
6685,0,294,115,0,0,0,0,2,0,0,1
6687,0,213,18,24,0,0,1,0,0,0,1
6688,0,213,18,24,0,0,1,0,0,0,1
6690,61,436,23,2,0,1,1,2,6,8,1
6692,0,294,73,0,0,0,0,2,0,0,1
6693,0,213,18,24,0,0,1,0,0,0,1
6695,0,213,18,24,0,0,1,0,0,0,1
6696,0,213,18,24,0,0,1,0,0,0,1
6738,0,557,0,0,0,0,0,2,0,0,1
6773,147,142,114,0,0,1,1,2,0,2,1
6799,61,164,17,5,0,1,0,4,3,5,1
6807,0,119,130,0,0,0,0,0,0,0,1
6845,0,315,123,0,0,0,0,2,0,0,1
6846,0,106,34,26,0,0,0,2,7,10,1
6851,0,106,34,26,0,0,0,2,7,10,1
6854,0,106,34,14,0,0,0,3,7,10,1
6877,0,419,27,36,0,0,0,0,0,0,1
6879,0,83,63,0,0,0,1,0,0,0,1
6880,0,138,124,0,0,0,1,0,0,0,1
6881,0,98,122,0,0,0,1,0,0,0,1
6883,0,136,182,0,0,0,1,0,0,0,1
6925,114,120,26,4,1,1,1,0,0,0,1
6928,0,194,194,194,0,0,0,0,0,0,1
6961,0,112,177,0,0,0,0,0,0,0,1
6967,0,286,45,0,0,0,0,2,0,0,1
6974,0,104,198,0,0,0,0,2,0,0,1
6984,0,673,204,0,0,0,0,2,0,0,1
6985,0,852,141,0,0,0,0,2,0,0,1
6992,0,419,200,0,0,0,0,2,0,0,1
6995,0,293,55,0,0,0,0,2,0,0,1
7002,0,110,23,0,0,0,0,2,0,0,1
7019,0,310,25,0,0,0,0,0,0,0,1
7047,173,558,169,66,0,1,1,2,6,2,1
7131,130,248,117,78,0,1,1,2,3,2,1
7143,0,332,35,0,0,0,0,2,0,0,1
7147,118,160,11,14,0,1,1,2,3,5,1
7148,118,221,82,18,0,1,1,2,1,5,1
7177,120,224,42,1,0,1,1,2,6,5,1
7183,117,322,3,10,0,1,1,2,3,5,1
7202,0,309,80,0,0,0,0,1,0,0,1
7207,0,214,56,36,0,0,0,0,0,0,1
7316,0,6,1,1,0,0,1,2,3,0,1
7344,173,102,331,94,0,1,1,2,6,2,1
7353,0,144,93,46,0,0,0,4,3,6,1
7370,0,97,107,61,0,1,1,0,0,0,1
7411,0,275,0,0,0,0,0,2,0,0,1
7424,0,256,22,36,0,0,0,2,0,0,1
7465,0,104,0,0,0,0,1,2,0,0,1
7469,0,110,0,0,0,0,0,2,0,0,1
7473,0,236,0,0,0,0,0,2,0,0,1
7477,0,233,0,0,0,0,0,2,0,0,1
7480,0,243,0,0,0,0,0,2,0,0,1
7481,0,96,0,0,0,0,0,2,0,0,1
7482,0,89,0,0,0,0,0,2,0,0,1
7484,0,85,0,0,0,0,0,2,0,0,1
7489,0,191,0,0,0,0,0,2,0,0,1
7492,0,150,0,0,0,0,0,4,0,0,1
7570,184,17,32,5,0,1,1,2,7,10,1
7654,0,95,24,0,1,0,0,0,3,9,1
7656,0,95,24,0,1,0,0,0,3,9,1
7657,0,95,24,0,1,0,0,0,3,9,1
7658,0,95,24,0,1,0,0,0,3,9,1
7659,0,95,24,0,1,0,0,0,3,9,1
7660,0,95,24,0,1,0,0,0,3,9,1
7661,0,95,24,0,1,0,0,0,3,9,1
7662,0,95,24,0,1,0,0,0,3,9,1
7663,0,95,24,0,1,0,0,0,3,9,1
7665,0,95,24,0,1,0,0,0,3,9,1
7666,0,95,24,0,1,0,0,0,3,9,1
7748,114,148,57,0,0,1,1,2,1,2,1
7749,0,111,0,0,0,0,0,2,0,0,1
7752,0,62,36,23,0,0,0,2,0,0,1
7818,0,49,48,0,0,0,0,2,7,10,1
7830,0,47,81,68,0,0,0,4,0,0,1
7944,109,30,9,2,1,1,0,2,3,5,1
8027,0,322,81,0,0,0,0,2,0,0,1
8044,0,76,81,56,0,0,0,4,7,0,1
8057,0,197,45,0,0,0,0,2,1,5,1
8247,49,29,214,0,0,1,0,2,3,5,1
8249,173,231,154,69,0,1,1,2,6,2,1
8252,0,320,105,0,0,0,0,2,0,0,1
8288,173,552,144,78,0,1,1,2,6,2,1
8309,173,309,173,93,0,1,1,2,6,2,1
8327,0,24,8,5,0,0,0,4,7,10,1
8366,220,19,89,34,0,1,1,2,3,5,1
8393,0,60,10,3,0,0,0,4,0,0,1
8420,0,162,195,0,0,0,0,1,6,0,1
8432,130,523,471,0,0,1,1,2,6,3,1
8445,0,349,82,0,0,0,0,2,0,0,1
8477,79,142,114,260,0,1,0,2,0,2,1
8482,77,523,471,0,0,1,1,2,6,3,1
8488,77,70,86,177,0,1,1,2,6,3,1
8573,0,188,0,0,0,0,0,2,0,0,1
8585,0,228,0,0,0,0,0,2,0,0,1
8587,0,230,0,0,0,0,0,2,0,0,1
8591,0,230,0,0,0,0,0,2,0,0,1
8593,0,231,0,0,0,0,0,0,0,0,1
8594,0,182,0,0,0,0,0,2,0,0,1
8595,0,181,0,0,0,0,0,2,0,0,1
8597,0,123,0,0,0,0,0,2,0,0,1
8601,0,164,0,0,0,0,0,2,0,0,1
8647,49,29,214,0,0,1,0,2,3,5,1
8654,184,53,35,7,0,1,1,2,0,0,1
8677,54,592,116,36,0,1,0,2,0,7,1
8680,70,97,1,33,0,0,0,2,3,5,1
8683,49,29,214,0,0,1,0,2,3,5,1
8684,0,95,24,0,1,0,0,0,3,9,1
8689,70,97,1,33,0,0,0,2,3,5,1
8690,70,56,30,32,0,0,0,2,3,5,1
8692,49,29,214,0,0,1,0,2,3,5,1
8702,0,95,24,0,1,0,0,0,3,9,1
8706,0,95,24,0,1,0,0,0,3,9,1
8722,0,357,0,0,0,0,0,2,6,0,1
8832,120,71,40,45,0,1,1,2,6,1,1
8836,120,98,62,29,0,1,1,2,3,5,1
8838,120,80,72,27,0,1,1,2,3,5,1
8949,54,383,24,36,0,1,0,2,0,0,1
9059,56,326,91,0,0,1,0,2,4,5,1
9088,57,280,69,200,0,1,0,2,6,2,1
9090,56,240,91,0,0,1,0,2,4,0,1
9096,102,93,157,0,0,1,0,0,0,0,1
9098,102,93,157,0,0,1,0,0,0,0,1
9103,102,111,73,0,0,1,0,0,0,0,1
9111,57,185,128,189,0,1,1,2,2,6,1
9115,57,534,68,0,0,1,1,2,6,2,1
9117,57,123,54,118,0,1,1,2,6,2,1
9138,0,295,80,175,1,0,1,0,0,0,1
9257,0,369,57,36,0,0,0,0,0,0,1
9263,76,299,145,93,0,1,1,2,6,5,1
9356,0,489,83,37,0,0,0,2,0,0,1
9511,54,310,25,0,0,1,0,2,0,0,1
9746,0,65,118,3,0,0,0,1,0,0,1
9748,0,65,118,3,0,0,0,1,0,0,1
9749,0,65,118,3,0,0,0,1,0,0,1
9751,0,65,118,3,0,0,0,1,0,0,1
9753,0,65,118,3,0,0,0,1,0,0,1
9756,0,65,118,3,0,0,0,1,0,0,1
9757,0,65,118,3,0,0,0,1,0,0,1
9760,0,65,118,3,0,0,0,1,0,0,1
9823,83,161,280,93,0,1,1,2,6,2,1
9831,83,317,37,75,0,1,1,2,6,5,1
9833,79,157,57,381,0,1,1,2,2,6,1
9834,79,256,146,260,0,1,1,2,2,6,1
9841,79,215,101,260,0,1,1,2,6,2,1
9842,79,209,101,260,0,1,1,2,6,2,1
9845,79,119,52,329,0,1,1,2,6,2,1
9847,79,185,76,260,0,1,1,2,6,2,1
9878,76,298,145,93,0,1,1,2,6,5,1
9968,147,349,99,285,0,1,0,2,6,2,1
9971,173,390,150,132,0,1,1,2,2,6,1
10112,54,584,120,291,0,1,0,2,0,0,1
10219,54,459,113,37,0,1,0,2,0,0,1
10230,79,355,101,288,0,1,0,2,6,2,1
10396,79,124,153,260,0,1,1,2,2,6,1
10407,190,257,45,50,0,1,0,2,7,5,1
10482,147,231,154,42,0,1,1,2,6,2,1
10564,11,389,150,104,0,1,1,2,2,6,1
10662,54,136,76,0,0,1,0,2,3,6,1
10737,0,60,4,0,0,0,0,4,0,0,1
10849,0,418,0,0,0,0,0,2,6,0,1
10877,54,419,101,37,0,1,0,2,0,2,1
10953,147,241,32,118,0,1,1,3,6,2,1
10961,147,223,129,77,0,1,1,2,6,2,1
11037,0,5,0,0,0,0,0,0,0,0,1
11077,0,2,0,0,0,0,0,0,0,0,1
11389,130,147,82,56,0,1,1,2,6,2,1
11503,130,285,157,42,0,1,1,0,0,0,1
11507,130,604,149,100,0,1,0,2,0,0,1
11515,147,185,128,189,0,1,1,2,2,6,1
11538,147,87,64,60,0,1,1,2,6,6,1
11541,147,558,169,106,0,1,1,2,6,2,1
11542,147,499,150,172,0,1,1,2,2,6,1
11548,147,534,68,0,0,1,1,2,6,2,1
11549,147,217,142,0,0,1,1,2,6,2,1
11550,147,86,70,0,0,1,1,2,6,2,1
11565,114,181,87,0,0,1,1,2,6,2,1
11569,114,217,142,0,0,1,1,2,6,2,1
11572,147,381,151,42,0,1,1,2,2,6,1
11582,147,309,173,133,0,1,1,2,6,2,1
11587,114,86,70,0,0,1,1,2,6,2,1
11628,61,164,17,5,0,1,0,2,3,5,1
11672,61,164,17,5,0,1,0,4,3,5,1
11710,0,60,4,0,0,0,0,4,0,0,1
11715,0,134,0,0,0,0,0,2,6,0,1
11727,147,181,87,0,0,1,1,2,6,2,1
11739,77,112,38,177,0,1,1,2,6,3,1
11752,130,213,77,0,0,1,1,2,6,2,1
11753,130,114,16,4,0,1,0,2,6,2,1
11754,130,84,22,164,0,1,1,2,6,3,1
11755,130,326,37,76,0,1,1,2,6,5,1
11756,130,38,102,164,0,1,1,2,6,3,1
11757,130,40,87,164,0,1,1,2,6,3,1
11759,130,107,16,4,0,1,0,2,6,2,1
11760,130,69,72,54,0,1,1,2,6,2,1
11762,147,208,101,258,0,1,0,2,6,0,1
11764,147,269,0,0,0,1,0,2,6,2,1
11766,147,372,55,120,0,1,1,2,6,2,1
11767,147,290,145,0,0,1,1,2,6,2,1
11768,147,155,183,77,0,1,1,0,0,0,1
11769,147,90,111,165,0,1,1,2,6,2,1
11770,147,102,331,134,0,1,1,2,6,2,1
11771,147,190,90,0,0,1,1,2,6,2,1
12104,0,791,46,0,0,0,0,2,0,0,1
12311,41,205,92,188,0,1,1,4,3,0,1
12433,61,164,17,5,0,1,0,4,3,5,1
12815,54,397,172,0,0,1,0,2,0,6,1
13102,0,24,0,0,0,0,0,4,0,0,1
13138,54,637,115,36,0,1,0,2,0,0,1
13459,0,49,7,8,0,0,0,4,7,0,1
14000,130,175,24,0,0,1,1,2,6,2,1
14001,0,59,4,0,0,0,0,4,0,0,1
14002,0,213,18,24,0,0,1,2,7,0,1
14096,0,362,0,0,0,0,0,2,3,2,1
14128,0,24,11,28,0,0,0,2,3,10,1
14133,0,345,135,0,0,0,0,0,0,0,1
14154,0,62,25,13,0,0,0,0,0,0,1
14163,0,270,121,0,0,0,0,2,0,0,1
14179,147,124,153,60,0,1,1,2,2,6,1
14221,147,158,49,0,0,1,1,2,6,2,1
14270,0,3,0,0,0,0,0,0,0,0,1
15149,0,41,7,8,0,0,0,4,0,0,1
15199,142,114,13,24,0,0,0,2,3,5,1
15238,0,27,19,0,0,0,0,1,0,0,1
15264,0,40,7,8,0,0,0,4,0,0,1
15440,0,89,50,0,0,0,0,2,3,5,1
15581,0,141,69,0,0,0,0,1,0,0,1
15928,0,123,0,24,0,0,0,4,3,5,1
15930,0,115,205,0,0,0,0,1,6,0,1
16552,0,185,0,0,0,0,0,0,0,0,1
16802,49,158,62,4,0,1,0,1,1,2,1
16847,49,191,402,0,0,1,1,1,6,2,1
16859,49,183,174,0,0,1,0,0,0,0,1
16860,49,113,71,0,0,1,1,1,6,2,1
16861,49,161,53,0,0,1,1,1,6,2,1
16862,49,20,72,0,0,1,0,0,0,0,1
17127,0,51,0,0,0,0,0,2,7,5,1
17143,0,37,8,3,0,0,0,4,5,5,1
17329,0,60,4,3,0,0,0,4,0,0,1
17330,0,37,39,0,0,0,1,0,0,0,1
17340,0,59,4,0,0,0,0,4,0,0,1
17389,0,25,27,0,0,0,0,2,7,10,1
17399,0,59,4,3,0,0,0,4,0,0,1
17423,0,55,0,0,0,0,0,2,3,0,1
17507,0,61,15,79,0,0,0,0,0,0,1
17510,0,118,72,0,0,0,0,2,0,0,1
17511,0,256,35,26,0,0,1,0,0,0,1
17512,19,69,3,0,0,1,0,0,0,0,1
17513,0,0,0,0,0,0,0,0,0,0,1
17517,0,46,0,0,0,0,0,4,0,0,1
17518,0,41,0,0,0,0,0,4,0,0,1
17519,0,455,0,0,0,0,0,2,0,0,1
17520,0,100,22,73,0,0,0,0,0,0,1
17521,0,124,10,0,0,0,1,0,0,0,1
17522,0,61,15,79,0,0,0,0,0,0,1
17523,0,36,0,0,0,0,0,2,3,0,1
17524,0,115,0,0,0,0,0,0,0,0,1
17525,0,75,118,40,0,0,0,2,7,5,1
17526,0,213,18,24,0,0,1,0,0,0,1
17527,0,59,36,0,0,0,0,2,3,0,1
17528,0,61,15,79,0,0,0,0,0,0,1
17529,0,56,0,0,0,0,0,2,3,5,1
17530,0,94,7,7,0,0,0,0,0,0,1
17531,0,115,0,0,0,0,0,0,0,0,1
17532,0,95,24,0,1,0,0,0,3,9,1
17533,0,98,36,0,0,0,0,0,0,0,1
17534,0,8,1,1,0,0,1,2,3,8,1
17535,0,50,36,23,0,0,0,2,0,0,1
17536,0,129,0,0,0,0,0,2,3,10,1
17537,0,56,0,0,0,0,0,2,3,0,1
17538,0,73,17,50,0,0,0,3,3,5,1
17539,0,213,18,24,0,0,1,0,0,0,1
17540,0,175,38,22,0,0,0,0,0,0,1
17541,70,56,30,32,0,0,0,2,3,5,1
17542,0,296,0,0,0,0,0,2,7,0,1
17543,0,25,0,0,0,0,0,0,0,0,1
17544,0,64,0,0,0,0,0,2,0,0,1
17545,0,100,22,57,0,0,0,0,0,0,1
17546,0,20,12,15,0,0,1,4,7,10,1
17547,0,100,22,73,0,0,0,0,0,0,1
17548,0,61,15,79,0,0,0,0,0,0,1
17549,0,48,87,55,0,0,1,2,6,10,1
17550,0,227,0,0,0,0,0,0,0,0,1
17551,0,229,0,0,1,0,0,2,3,10,1
17552,0,97,0,0,0,0,0,2,0,0,1
17553,0,54,36,0,0,0,0,2,3,0,1
17554,0,126,50,67,1,0,0,2,3,5,1
17555,0,95,24,0,1,0,0,0,3,9,1
17556,95,380,0,0,0,1,0,1,7,10,1
17557,0,597,158,100,0,0,1,2,6,3,1
17558,0,95,24,0,1,0,0,0,3,9,1
17559,0,100,0,0,0,0,0,2,0,0,1
17560,0,30,5,0,0,0,1,2,3,6,1
17561,0,42,0,0,0,0,0,4,0,0,1
17562,0,213,18,24,0,0,1,2,3,0,1
17563,0,62,4,6,0,0,0,4,0,0,1
17564,60,57,14,7,1,1,1,0,0,0,1
17565,0,61,15,79,0,0,0,0,0,0,1
17566,0,260,0,0,0,0,0,2,0,0,1
17567,0,31,0,1,0,0,0,2,7,10,1
17568,0,194,0,0,0,0,0,0,0,0,1
17569,0,33,7,6,0,0,0,4,0,0,1
17570,0,280,4,275,0,1,0,0,0,0,1
17571,9,121,4,85,0,1,0,0,0,0,1
17572,0,91,0,5,0,0,0,0,0,0,1
17573,0,35,6,0,0,0,0,4,7,10,1
17574,0,115,0,0,0,0,0,0,0,0,1
17575,0,51,0,0,0,0,0,2,0,0,1
17576,0,75,118,40,0,0,0,2,7,5,1
17577,0,151,24,25,0,0,0,2,7,10,1
17578,0,61,0,0,0,0,0,4,0,0,1
17579,0,147,18,35,0,0,1,4,0,0,1
17580,0,154,9,3,0,0,0,2,7,10,1
17581,0,131,8,7,0,0,1,2,7,5,1
17582,0,104,0,0,0,0,0,2,0,0,1
17583,0,127,7,0,0,1,0,2,3,5,1
17584,0,60,4,0,0,0,0,4,0,0,1
17585,0,22,7,1,0,0,1,0,0,0,1
17586,0,91,33,19,0,0,0,0,0,0,1
17587,0,66,35,17,0,0,0,0,0,0,1
17588,0,75,118,40,0,0,0,2,7,5,1
17589,0,68,142,24,0,0,0,2,3,5,1
17590,0,100,22,73,0,0,0,0,0,0,1
17591,0,61,15,79,0,0,0,0,0,0,1
17592,0,61,15,79,0,0,0,0,0,0,1
17593,0,115,0,0,0,0,0,0,0,0,1
17594,0,6,85,0,0,0,1,2,0,0,1
17595,0,115,0,0,0,0,0,0,0,0,1
17596,106,88,38,41,0,1,0,2,1,5,1
17597,0,54,36,0,0,0,0,2,0,0,1
17598,213,52,310,138,0,0,1,0,0,0,1
17599,0,54,36,0,0,0,0,2,3,0,1
17600,0,188,71,2,0,0,1,0,0,0,1
17601,0,43,100,71,0,0,0,2,0,5,1
17602,0,106,34,14,0,0,0,3,7,10,1
17603,19,69,3,0,0,1,0,0,0,0,1
17604,0,132,79,0,0,0,0,2,0,0,1
17605,0,90,160,19,0,0,0,2,3,2,1
17606,0,65,64,25,0,0,0,4,0,0,1
17607,0,181,0,0,0,0,0,2,0,0,1
17608,106,88,38,41,0,1,0,2,1,5,1
17609,0,171,3,9,0,0,1,2,1,5,1
17610,0,60,4,0,0,0,0,4,0,0,1
17611,0,74,133,0,0,0,0,0,0,0,1
17612,0,59,4,0,0,0,0,4,0,0,1
17613,0,97,0,0,0,0,0,2,3,0,1
17614,0,226,0,0,0,0,0,2,0,0,1
17615,0,143,43,2,0,0,0,2,3,5,1
17616,0,129,31,0,0,0,0,2,0,2,1
17617,0,44,48,16,0,0,0,2,6,2,1
17618,106,88,38,41,0,1,0,2,1,5,1
17619,0,357,102,140,0,0,1,2,3,5,1
17620,0,115,0,0,0,0,0,0,0,0,1
17621,0,59,4,3,0,0,0,4,0,0,1
17622,0,20,46,24,1,0,1,0,0,0,1
17623,0,257,65,0,0,0,0,2,0,0,1
17624,0,65,118,3,0,0,0,1,0,0,1
17625,0,358,157,40,0,0,0,2,1,7,1
17626,0,85,0,0,0,0,0,2,2,2,1
17627,0,187,0,0,0,0,0,2,0,0,1
17628,0,213,18,24,0,0,1,0,0,0,1
17629,0,123,84,20,0,0,0,0,0,0,1
17630,0,67,38,12,0,0,1,4,0,0,1
17631,0,65,118,3,0,0,0,1,0,0,1
17632,0,41,11,5,0,0,0,2,7,10,1
17633,19,69,3,0,0,1,0,0,0,0,1
17634,0,41,0,0,0,0,0,4,0,0,1
17635,118,180,7,12,0,1,1,2,1,5,1
17636,0,60,4,0,0,0,0,4,0,0,1
17637,0,213,18,24,0,0,1,2,0,0,1
17638,0,59,258,12,0,0,1,2,3,5,1
17639,0,68,4,3,0,0,0,4,0,0,1
17640,0,95,24,0,1,0,0,0,3,9,1
17641,0,334,43,0,0,0,0,2,0,0,1
17642,0,126,31,0,0,0,1,0,0,0,1
17643,60,57,14,7,1,1,1,4,0,5,1
17644,0,183,0,0,0,0,0,0,0,0,1
17645,0,71,19,2,0,0,1,4,7,10,1
17646,0,116,0,0,0,0,0,2,3,0,1
17647,0,122,36,25,0,0,0,2,0,0,1
17648,0,61,8,0,0,0,1,2,7,0,1
17649,0,90,160,19,0,0,0,2,3,2,1
17650,0,152,53,34,0,0,0,1,5,0,1
17651,0,532,0,0,0,0,0,0,0,0,1
17652,0,65,38,14,0,0,0,2,7,5,1
17653,0,98,91,61,0,1,1,0,0,0,1
17654,0,85,35,0,0,0,0,2,0,0,1
17655,36,57,13,5,0,1,1,2,6,1,1
17656,0,73,7,3,0,1,0,2,3,5,1
17657,0,154,80,4,0,0,0,2,7,10,1
17658,0,678,47,0,0,0,0,2,0,0,1
17659,106,88,38,41,0,1,0,2,1,5,1
17660,0,115,0,0,0,0,0,0,0,0,1
17661,0,91,33,19,1,0,1,3,3,5,1
17662,0,68,68,0,0,0,0,1,6,0,1
17663,0,43,0,0,0,0,0,4,0,0,1
17664,0,115,0,0,0,0,0,0,0,0,1
17665,0,76,22,16,0,0,0,2,3,5,1
17666,0,91,20,20,0,0,0,4,3,10,1
17667,0,71,235,14,0,0,1,2,1,4,1
17668,98,75,12,6,1,1,0,2,3,5,1
17669,0,115,0,0,0,0,0,0,0,0,1
17670,0,95,24,0,1,0,0,0,3,9,1
17671,0,61,15,79,0,0,0,0,0,0,1
17672,120,70,7,13,0,1,1,2,3,5,1
17673,0,131,256,0,0,0,1,0,0,0,1
17674,106,88,38,41,0,1,0,2,1,5,1
17675,106,88,38,41,0,1,0,2,1,5,1
17676,130,185,128,187,0,1,1,2,2,6,1
17677,0,62,4,3,0,0,0,4,0,0,1
17678,0,160,49,0,0,0,1,2,3,3,1
17679,0,61,15,79,0,0,0,0,0,0,1
17680,0,106,34,14,0,0,0,2,7,10,1
17681,0,86,26,0,0,0,0,0,0,0,1
17682,0,83,23,21,1,0,0,4,3,8,1
17683,0,126,59,12,0,0,0,4,0,0,1
17684,0,116,54,1,0,0,0,0,0,0,1
17685,117,322,3,10,0,1,1,2,3,5,1
17686,0,213,18,24,0,0,1,0,0,0,1
17687,0,53,31,92,0,0,0,0,0,0,1
17688,0,24,72,44,0,0,0,2,6,6,1
17689,0,44,73,41,0,1,1,0,0,0,1
17690,0,115,0,0,0,0,0,0,0,0,1
17691,0,89,59,39,0,0,0,4,0,0,1
17692,0,99,44,19,0,0,0,2,3,0,1
17693,31,68,13,2,0,0,0,1,3,10,1
17694,0,100,22,73,0,0,0,0,0,0,1
17695,0,115,0,0,0,0,0,0,0,0,1
17696,0,121,36,26,0,0,0,2,7,5,1
17697,0,213,18,24,0,0,1,2,0,0,1
17698,0,79,43,18,0,0,0,2,3,10,1
17699,0,100,22,57,0,0,1,0,0,0,1
17700,0,129,133,128,0,0,0,2,3,10,1
17701,0,84,31,21,0,0,0,0,0,0,1
17702,0,567,22,0,0,0,0,2,0,0,1
17703,0,213,18,24,0,0,0,0,0,0,1
17704,0,110,0,0,0,0,0,2,3,0,1
17705,106,88,38,41,0,1,0,2,1,5,1
17706,0,100,22,73,0,0,0,0,0,0,1
17707,0,247,68,0,0,0,0,2,0,0,1
17708,0,213,18,24,0,0,1,2,0,0,1
17709,0,41,11,5,0,0,0,2,7,10,1
17710,0,155,9,0,0,0,1,2,7,0,1
17711,0,106,34,26,0,0,0,3,0,10,1
17712,0,144,0,0,0,0,0,2,0,0,1
17713,0,95,24,0,1,0,0,0,3,9,1
17714,0,100,22,73,1,0,0,0,0,0,1
17715,0,115,0,0,0,0,0,0,0,0,1
17716,0,178,5,2,0,0,1,1,1,5,1
17717,98,9,0,0,0,1,0,0,0,0,1
17718,0,115,0,0,0,0,0,0,0,0,1
17719,0,171,3,9,0,0,0,2,1,5,1
17720,0,54,46,31,0,0,0,4,7,0,1
17721,0,65,118,3,0,0,0,1,0,0,1
17722,0,121,17,50,0,0,0,3,3,5,1
17723,95,362,0,0,0,1,0,1,0,0,1
17724,0,32,6,9,0,0,0,2,0,10,1
17725,0,57,31,16,0,0,0,2,3,5,1
17726,0,102,53,15,1,0,1,0,0,0,1
17727,0,69,14,0,0,0,0,2,3,5,1
17728,0,72,39,0,1,0,0,2,4,6,1
17729,0,45,41,0,0,1,1,3,5,5,1
17730,0,124,0,0,0,1,0,2,7,5,1
17731,0,40,7,8,0,0,0,4,0,0,1
17732,0,237,0,0,0,0,0,2,0,0,1
17733,0,20,84,98,0,0,0,2,3,5,1
17734,98,58,8,7,1,1,0,2,3,5,1
17735,0,27,0,2,0,0,0,2,0,0,1
17736,0,247,0,0,0,0,0,2,0,0,1
17737,95,362,0,0,0,1,0,0,0,0,1
17738,0,135,30,21,0,0,0,2,7,5,1
17739,106,88,38,40,0,1,0,2,0,5,1
17740,0,117,18,13,0,0,0,3,0,0,1
17741,0,38,12,11,0,1,0,3,5,5,1
17742,0,115,0,0,0,0,0,0,0,0,1
17743,0,61,15,79,0,0,0,0,0,0,1
17744,0,66,80,44,0,0,0,4,0,5,1
17745,0,51,41,28,0,0,0,4,7,5,1
17746,0,106,34,26,0,0,0,2,7,10,1
17747,0,110,3,2,0,0,0,4,3,5,1
17748,0,145,39,0,0,0,0,2,3,0,1
17749,0,50,71,9,0,1,1,0,0,0,1
17750,0,97,0,0,0,0,0,2,3,10,1
17751,0,213,18,24,0,0,1,2,0,0,1
17752,0,63,2,0,1,0,0,0,0,0,1
17753,0,106,34,26,0,0,0,2,7,10,1
17754,159,94,45,21,0,0,0,2,3,5,1
17755,0,43,32,0,0,0,0,2,7,10,1
17756,0,6,0,0,0,0,0,0,0,0,1
17757,0,48,55,6,0,0,0,2,3,0,1
17758,0,159,0,0,0,0,0,5,3,10,1
17759,98,58,8,7,1,1,0,2,3,5,1
17760,117,89,48,21,0,0,0,2,3,5,1
17761,0,100,22,73,0,0,0,0,0,0,1
17762,0,49,30,37,0,0,0,2,0,0,1
17763,0,213,18,24,0,0,1,0,0,0,1
17764,0,90,161,19,0,0,0,2,3,0,1
17765,0,115,0,0,0,0,0,0,0,0,1
17766,49,29,214,0,0,1,0,2,3,5,1
17767,0,115,0,0,0,0,0,0,0,0,1
17768,0,136,3,3,0,0,0,4,7,0,1
17769,144,149,35,14,0,1,0,2,3,5,1
17770,59,51,82,49,0,0,1,2,3,5,1
17771,0,71,0,0,0,0,0,0,0,0,1
17772,0,41,9,26,0,0,1,3,7,10,1
17773,0,66,0,0,0,0,0,2,3,3,1
17774,0,124,0,25,0,0,0,2,0,0,1
17775,0,47,36,0,0,0,0,2,7,10,1
17776,184,26,45,10,0,1,1,2,3,10,1
17777,0,58,7,0,0,0,0,4,0,0,1
17778,0,385,0,0,0,0,0,2,0,0,1
17779,0,131,157,0,0,0,1,0,0,0,1
17780,0,3,3,3,0,0,0,2,6,2,1
17781,0,88,48,39,0,0,0,4,3,3,1
17782,0,60,4,0,0,0,0,4,0,0,1
17783,0,78,43,18,0,0,0,2,3,0,1
17784,0,61,15,79,0,0,0,0,0,0,1
17785,0,50,166,125,0,0,0,2,3,5,1
17786,0,95,80,11,0,0,0,2,7,5,1
17787,0,37,8,3,0,0,0,4,3,5,1
17788,0,154,0,0,0,0,0,0,0,0,1
17789,0,5,0,5,0,0,1,0,0,0,1
17790,0,42,8,10,0,0,0,4,0,0,1
17791,0,115,0,0,0,0,0,0,0,0,1
17792,102,111,73,0,0,1,0,0,0,0,1
17793,130,198,84,54,0,1,1,2,6,2,1
17794,0,73,13,0,0,0,0,2,1,0,1
17795,0,61,15,79,0,0,0,0,0,0,1
17796,0,75,36,5,0,0,0,2,1,2,1
17797,106,88,38,41,0,1,0,2,1,5,1
17798,0,45,7,60,0,0,0,0,0,0,1
17799,0,309,82,0,0,0,0,1,4,0,1
17800,0,110,0,0,0,0,0,2,0,0,1
17801,0,47,123,0,1,0,0,1,3,5,1
17802,0,71,81,0,0,0,0,2,3,0,1
17803,0,115,0,0,0,0,0,0,0,0,1
17804,0,121,63,0,0,0,0,4,0,5,1
17805,0,29,2,60,0,0,0,2,3,0,1
17806,0,71,81,0,0,0,0,2,3,0,1
17807,0,127,7,0,0,1,0,2,3,5,1
17808,0,167,167,0,0,0,1,2,7,10,1
17809,0,229,0,0,1,0,0,2,3,10,1
17810,0,532,0,0,0,0,0,0,0,0,1
17811,106,88,38,41,0,1,0,2,1,5,1
17812,0,217,0,0,0,0,0,2,6,0,1
17813,98,58,8,7,1,1,0,2,3,5,1
17814,0,47,37,0,0,0,0,2,3,0,1
17815,0,42,10,8,0,0,0,4,0,0,1
17816,0,54,34,0,0,0,0,2,7,10,1
17817,0,19,0,0,0,0,0,4,3,0,1
17818,0,119,0,0,0,0,0,0,0,0,1
17819,0,79,0,0,0,0,0,2,3,10,1
17820,0,37,95,85,0,0,0,4,0,0,1
17821,0,126,94,375,0,0,1,0,0,0,1
17822,0,16,0,0,0,0,0,0,0,0,1
17823,0,190,115,22,0,0,0,3,7,10,1
17824,114,50,12,0,1,1,1,0,0,0,1
17825,0,68,40,29,0,0,0,0,3,0,1
17826,0,126,15,0,0,0,0,2,3,5,1
17827,0,58,0,0,0,0,0,4,0,0,1
17828,0,34,100,57,0,0,1,0,0,0,1
17829,0,74,149,26,0,0,0,0,0,0,1
17830,0,44,31,32,0,0,0,2,0,0,1
17831,114,20,4,0,0,1,0,0,0,0,1
16141,270,565,0,0,0,1,1,2,0,0,0
11617,207,68,35,40,0,1,0,2,1,5,0
5825,0,168,118,7,0,0,1,2,0,2,0
11588,98,217,132,55,0,1,1,2,6,0,0
8064,10,28,21,3,0,1,0,1,0,2,0
14873,105,325,73,41,0,1,1,2,0,0,0
10210,97,302,112,0,0,1,0,2,1,2,0
3275,0,51,84,0,0,0,1,0,0,0,0
13774,87,208,108,127,0,1,0,2,6,2,0
7395,126,319,72,19,0,1,1,2,1,2,0
15634,79,71,120,24,0,1,0,2,3,11,0
5207,126,96,51,17,0,1,1,2,1,2,0
9145,120,102,50,52,0,1,1,2,1,10,0
12224,89,224,215,54,0,1,0,2,3,5,0
15375,32,110,0,0,0,0,0,2,0,0,0
1098,148,234,60,81,0,1,0,2,3,10,0
13406,0,98,150,0,0,0,0,2,0,0,0
9649,171,91,18,23,0,1,0,2,0,0,0
16142,79,90,74,24,0,1,1,2,3,2,0
13292,91,428,0,0,0,1,0,0,0,0,0
16761,184,29,12,24,0,1,1,0,0,0,0
6264,142,51,422,9,0,1,1,2,1,5,0
12689,79,180,155,42,0,1,0,2,0,0,0
17052,82,143,54,96,0,1,1,0,0,0,0
5747,0,103,30,16,0,0,1,2,3,2,0
5951,115,212,19,0,0,1,1,2,6,2,0
15584,234,282,96,76,0,1,0,0,0,0,0
13559,421,355,131,0,0,1,1,0,0,0,0
15797,20,86,3,2,0,1,1,1,0,0,0
6763,198,232,339,58,1,1,1,1,1,0,0
2960,101,257,45,31,0,1,0,2,3,10,0
10464,77,359,56,148,0,1,0,2,6,2,0
4533,148,213,69,0,0,1,1,1,7,0,0
2631,146,116,10,7,0,1,1,4,0,0,0
14113,206,198,64,22,0,1,1,2,1,10,0
6329,112,173,134,33,0,1,1,2,6,6,0
15057,0,271,18,53,0,1,0,1,5,10,0
13123,100,125,42,54,0,1,0,2,1,2,0
15396,66,201,66,51,0,1,1,2,1,2,0
4805,127,278,94,34,0,1,1,2,3,5,0
7434,162,138,145,0,0,1,1,0,0,0,0
13116,91,131,101,0,0,1,0,2,7,10,0
5994,0,22,24,0,0,0,0,2,1,10,0
519,131,142,5,3,0,1,1,5,1,10,0
12102,151,85,128,0,0,1,0,2,1,0,0
13153,113,103,169,186,0,1,1,0,0,0,0
15215,32,128,0,0,0,0,0,2,0,0,0
16925,144,247,63,34,0,1,1,2,6,5,0
10011,22,77,113,41,0,1,0,2,6,10,0
10599,81,400,0,0,0,1,1,0,3,5,0
3088,55,101,239,0,0,1,1,0,0,0,0
9305,0,159,8,0,1,0,0,4,0,5,0
14733,0,152,0,0,0,0,0,1,6,0,0
3446,79,18,28,42,1,1,1,2,1,5,0
5282,98,213,84,0,0,1,1,1,6,0,0
10962,155,239,111,47,0,1,1,2,1,2,0
4002,117,318,152,0,0,1,1,0,0,0,0
3199,68,40,33,12,1,1,1,1,4,6,0
17456,155,141,85,15,0,1,1,1,6,2,0
8872,42,203,0,0,0,1,0,2,3,5,0
231,10,33,18,3,0,1,1,1,0,2,0
2905,125,298,177,275,0,1,1,2,3,2,0
3980,80,163,47,7,0,1,1,2,3,2,0
8410,0,284,0,11,0,0,0,2,3,5,0
7100,239,182,324,11,0,1,1,2,1,2,0
12210,29,55,29,25,1,1,1,1,6,6,0
15395,201,184,219,307,0,1,0,2,6,10,0
7108,64,71,47,33,0,1,0,2,0,0,0
1229,178,254,66,0,0,1,1,2,6,2,0
12284,101,177,124,118,0,1,1,2,3,1,0
3470,0,160,132,0,0,0,0,2,6,3,0
1861,10,28,20,3,0,1,0,1,0,2,0
8540,0,11,53,0,0,0,0,1,6,10,0
9641,44,220,121,52,0,1,0,2,6,2,0
1210,97,157,116,0,0,1,1,2,1,10,0
17367,81,57,195,0,0,1,0,2,7,2,0
241,105,223,76,24,0,1,1,2,1,2,0
8999,80,276,68,25,0,1,1,2,0,0,0
3889,10,35,21,3,0,1,1,1,3,2,0
14707,25,173,38,43,0,0,0,2,7,5,0
7182,204,113,120,0,0,1,1,3,7,10,0
17484,246,331,145,52,0,1,1,2,6,0,0
2976,192,62,248,0,0,1,0,0,0,0,0
6475,0,54,71,0,0,0,0,2,4,0,0
8563,10,28,21,3,0,1,0,1,0,2,0
13995,0,18,6,3,0,0,1,4,0,10,0
15118,57,332,93,27,0,1,1,3,6,3,0
848,0,83,46,6,0,0,1,2,6,2,0
1278,192,146,74,0,0,1,0,2,6,2,0
5722,0,194,112,116,0,1,1,2,6,0,0
10548,131,85,10,2,0,1,1,0,7,5,0
10145,0,13,0,0,0,0,0,1,6,0,0
13568,73,328,161,0,0,1,1,2,0,0,0
13253,119,32,0,0,0,1,0,0,0,0,0
8502,0,175,58,0,0,0,1,0,0,2,0
14437,0,159,0,102,0,1,1,2,7,2,0
3599,0,302,59,51,0,0,1,2,1,2,0
12302,150,210,67,74,0,1,0,2,1,2,0
5615,38,136,57,68,0,1,1,0,0,0,0
16851,0,61,175,96,0,0,1,1,3,10,0
4595,83,133,69,117,0,1,0,2,6,2,0
14814,61,276,54,0,0,1,1,2,7,0,0
12499,155,379,75,17,0,1,1,2,1,2,0
5394,107,211,160,40,0,1,0,3,7,0,0
2893,19,95,14,0,0,1,0,3,1,10,0
8203,141,99,79,0,0,1,0,0,0,0,0
1789,192,54,39,0,0,1,0,0,0,0,0
861,141,75,122,0,0,1,1,2,0,0,0
2192,62,49,36,16,0,1,0,2,6,2,0
4229,38,14,151,5,0,1,1,1,6,6,0
811,10,33,18,3,0,1,1,1,0,2,0
6609,30,277,0,0,0,1,1,2,1,0,0
12511,35,154,6,0,0,1,1,2,3,5,0
10798,86,151,86,0,0,1,0,2,3,5,0
5248,207,256,29,3,0,1,1,2,1,10,0
15032,105,206,42,0,0,1,1,3,5,0,0
16013,53,207,135,107,0,1,0,2,6,2,0
8780,49,99,33,40,0,1,1,3,5,2,0
11924,0,127,81,0,1,0,0,2,3,2,0
15902,155,227,82,45,0,1,1,2,1,6,0
7389,68,174,90,0,0,0,1,0,0,0,0
16491,69,57,1,38,0,1,0,2,1,0,0
7448,61,120,47,10,0,1,1,3,3,5,0
6178,128,187,0,0,0,1,1,0,0,0,0
1218,0,116,17,56,0,0,1,2,7,2,0
10594,71,171,75,64,0,1,1,2,2,2,0
10225,32,192,0,0,0,0,0,2,0,0,0
1499,85,61,12,0,0,1,0,0,0,0,0
6092,216,195,91,0,0,1,1,2,6,0,0
16885,111,349,150,0,0,1,0,2,6,0,0
5601,52,324,111,0,0,1,1,2,0,2,0
5755,120,170,44,67,0,1,1,0,0,0,0
6973,128,180,33,0,0,1,1,0,0,0,0
2148,71,99,0,0,0,1,1,0,0,0,0
11238,201,159,221,307,0,1,0,2,6,10,0
3729,282,155,0,0,0,1,0,0,0,0,0
17866,192,100,99,9,0,1,0,2,6,0,0
9713,10,28,20,3,0,1,0,1,0,2,0
1862,10,33,18,3,0,1,1,1,0,2,0
7066,51,168,73,38,0,1,1,2,6,5,0
6107,48,223,83,5,0,1,1,2,3,1,0
7722,35,89,1,1,0,1,1,0,0,0,0
17006,184,76,44,22,0,1,0,2,3,5,0
6608,28,83,74,128,0,1,1,2,6,2,0
3983,32,182,0,0,0,1,0,0,0,0,0
10574,92,44,27,123,0,1,0,2,6,2,0
4446,10,33,18,3,0,1,1,1,0,2,0
11620,131,71,17,8,0,1,1,2,7,5,0
9284,198,378,386,18,1,1,1,1,1,0,0
11083,110,338,181,94,0,1,0,2,0,0,0
8238,125,152,98,0,0,1,1,4,5,0,0
4960,392,148,131,58,0,1,1,2,6,0,0
14288,41,320,599,0,0,1,0,0,0,0,0
4655,0,13,20,4,0,0,0,0,0,0,0
6893,0,163,67,0,0,0,0,2,6,2,0
2418,150,182,254,142,0,1,0,2,3,0,0
12839,111,214,90,33,0,1,1,2,0,0,0
13956,10,34,18,3,0,1,1,1,0,2,0
987,120,266,93,46,0,1,1,2,0,0,0
5231,141,44,0,0,0,1,0,0,0,0,0
9215,0,137,153,43,0,0,1,2,6,10,0
17158,120,176,63,66,0,1,0,2,7,10,0
12377,0,158,0,0,0,0,0,1,6,0,0
16868,76,30,0,13,0,1,0,0,0,0,0
14798,71,78,142,57,0,1,1,2,6,2,0
17333,0,33,136,85,0,1,0,2,6,10,0
13891,290,337,163,190,0,1,1,2,6,0,0
373,79,239,34,20,0,0,0,2,0,0,0
6533,53,9,0,0,0,1,0,0,0,0,0
4307,64,567,96,45,0,1,1,2,4,0,0
16388,181,150,230,164,0,1,1,2,6,2,0
11316,60,358,75,0,0,1,0,2,6,2,0
7931,234,285,118,76,0,1,0,0,0,0,0
10087,216,111,0,0,0,1,0,5,0,0,0
14918,158,315,95,83,0,1,1,0,0,0,0
2003,56,58,63,0,1,1,1,2,6,6,0
10974,50,192,21,41,0,0,0,2,7,0,0
10076,104,45,0,0,0,1,1,0,0,0,0
15225,229,140,139,37,0,1,1,2,7,10,0
6459,53,107,65,74,0,1,1,2,0,0,0
1349,234,298,53,75,0,1,0,0,0,0,0
10747,32,135,0,0,0,0,0,2,0,0,0
9127,0,42,23,22,0,0,1,2,0,0,0
11134,59,370,65,5,0,0,0,2,6,2,0
16454,154,616,30,109,0,1,1,2,0,0,0
14948,216,61,29,45,0,1,1,2,3,2,0
1586,127,252,53,36,0,1,1,0,0,0,0
11308,33,232,158,0,0,1,1,2,2,2,0
14706,111,255,160,170,0,1,0,0,0,0,0
182,141,168,83,0,0,1,1,2,0,0,0
267,86,151,90,0,0,1,0,2,3,5,0
12079,243,23,621,0,0,1,1,0,0,0,0
2195,147,194,103,13,0,1,1,2,3,5,0
5342,0,129,35,0,0,0,1,0,0,0,0
8822,73,125,29,0,0,1,0,2,3,2,0
12731,230,92,70,5,0,1,1,2,6,6,0
593,10,34,18,3,0,1,1,1,0,2,0
5120,107,62,50,70,0,1,0,0,0,0,0
3423,392,115,185,42,0,1,1,2,6,10,0
1849,73,277,155,61,0,0,0,2,6,0,0
11625,155,139,23,28,0,1,1,2,3,2,0
13718,216,184,85,27,0,1,1,2,3,2,0
13716,74,103,66,28,0,1,1,2,0,0,0
7574,86,235,99,0,0,1,0,2,3,5,0
12041,108,112,437,0,0,0,0,2,0,0,0
2805,0,287,44,36,0,0,0,2,1,2,0
16206,107,98,45,21,0,1,1,2,0,0,0
16770,55,101,9,0,0,1,1,0,0,0,0
15171,141,171,143,87,1,1,0,2,1,2,0
12882,32,346,0,0,0,0,0,2,0,0,0
15384,123,152,0,0,0,1,0,0,0,0,0
15598,162,284,155,116,0,1,0,2,6,2,0
2156,167,510,60,0,0,1,1,2,0,6,0
16911,184,141,20,6,0,1,0,0,0,0,0
11856,131,94,11,3,0,1,1,2,1,0,0
6419,0,41,0,0,0,0,0,2,0,0,0
9788,186,325,131,83,0,1,1,2,6,2,0
32,52,178,168,46,0,1,1,2,3,10,0
9219,24,153,89,0,0,1,0,3,0,2,0
13847,111,151,0,0,0,1,0,2,0,2,0
16667,42,126,171,0,0,0,0,0,0,0,0
614,110,176,126,86,0,1,0,2,0,0,0
14055,37,66,395,0,0,1,0,2,0,0,0
10618,102,252,149,69,0,1,1,2,0,2,0
9652,10,33,18,3,0,1,1,1,0,2,0
11383,53,121,247,81,0,1,1,0,0,0,0
12471,53,32,114,104,0,1,0,2,6,0,0
2,141,50,164,0,0,1,0,0,0,0,0
11003,86,55,70,0,0,1,0,2,3,5,0
11849,66,106,87,41,0,1,1,2,3,5,0
11863,0,262,46,36,0,0,0,2,1,2,0
8486,201,93,54,0,0,1,1,2,0,6,0
7536,135,73,16,26,0,1,1,0,0,0,0
12904,0,263,124,0,0,0,0,2,0,0,0
13351,141,258,179,0,0,1,0,0,0,0,0
7528,0,134,79,50,1,0,1,0,0,0,0
2961,135,90,43,0,0,1,1,0,0,0,0
14273,178,224,139,111,0,1,1,2,1,2,0
14441,167,285,66,0,0,1,1,4,0,6,0
9414,77,210,83,47,0,1,1,2,6,2,0
13516,89,374,108,106,0,1,1,2,6,5,0
5830,98,199,0,0,0,1,0,2,0,0,0
16816,0,127,0,0,0,0,0,2,6,0,0
5558,61,82,69,21,0,1,1,2,2,6,0
11653,87,269,45,0,0,1,0,0,0,0,0
2732,0,201,118,45,0,0,1,0,0,0,0
14019,131,113,239,6,0,1,0,2,1,0,0
13885,71,223,339,51,0,1,0,2,6,2,0
15998,32,239,306,0,0,0,0,2,0,0,0
15486,113,25,66,0,0,1,1,0,0,0,0
12237,209,68,142,36,0,1,1,4,5,8,0
8559,17,180,49,0,0,0,0,2,0,0,0
4714,74,135,141,42,0,1,0,0,0,0,0
8935,111,244,472,0,0,1,0,0,0,0,0
10255,86,166,141,0,0,1,0,2,3,5,0
4903,29,80,22,5,0,1,1,0,3,5,0
11144,86,150,86,0,0,1,0,4,3,5,0
12017,132,38,80,0,0,1,1,2,6,0,0
16258,48,90,30,35,1,1,1,2,0,0,0
3753,0,71,68,0,0,0,1,0,0,0,0
14007,392,208,81,30,0,1,1,2,6,2,0
12179,0,324,54,0,0,1,1,0,0,0,0
11145,86,271,167,0,0,1,0,4,3,5,0
8168,80,118,52,0,0,0,1,2,1,2,0
10197,60,185,96,0,0,1,0,2,6,2,0
12988,32,152,251,0,0,0,0,2,0,0,0
8,192,5,45,0,0,1,1,2,1,0,0
17362,93,160,71,20,0,1,1,2,1,2,0
10571,73,236,67,0,0,1,1,2,6,0,0
15265,58,181,0,0,0,1,1,1,0,0,0
8109,104,191,133,0,0,1,0,2,6,2,0
13600,0,120,48,0,0,0,0,2,3,5,0
5357,184,116,62,64,0,1,0,2,3,5,0
4623,86,20,7,0,0,1,0,1,0,0,0
3174,192,68,103,0,0,1,0,0,0,0,0
2544,74,569,175,49,0,1,0,2,6,2,0
10124,155,413,0,26,0,1,0,2,6,0,0
9325,180,99,68,27,0,1,1,4,7,5,0
102,6,67,15,19,1,1,0,2,3,2,0
14057,0,12,35,6,0,0,1,0,0,0,0
13405,0,98,150,0,0,0,0,2,0,0,0
2203,0,119,113,35,0,0,0,0,0,0,0
14715,79,217,213,58,0,1,0,2,1,6,0
14376,32,101,0,0,0,0,0,2,0,0,0
12521,230,290,59,36,0,1,1,2,3,10,0
2621,0,30,42,9,0,0,0,2,1,5,0
1109,182,430,274,41,0,1,0,2,6,2,0
9744,86,135,143,48,0,1,0,2,6,0,0
15490,107,45,47,34,0,1,1,2,0,0,0
256,73,174,162,0,0,1,0,2,0,0,0
11830,98,406,0,29,0,1,1,2,6,0,0
14726,93,125,150,35,0,1,1,0,0,0,0
2834,141,135,92,0,0,1,1,0,0,0,0
9827,162,282,52,114,1,1,1,2,1,2,0
15799,199,115,89,61,0,1,1,2,1,10,0
4666,80,150,69,64,0,1,1,4,3,5,0
17391,53,157,46,61,0,1,0,2,0,0,0
8062,182,269,95,50,0,1,0,0,0,0,0
3057,135,126,52,15,0,1,1,0,0,0,0
4177,107,213,117,111,0,1,1,3,3,5,0
6102,100,125,84,7,0,1,1,2,7,10,0
6796,0,32,106,5,0,0,1,2,6,2,0
13541,67,268,61,49,0,1,0,2,0,6,0
14478,0,304,716,6,0,0,0,2,1,3,0
10024,124,222,0,0,0,1,0,2,6,0,0
4457,68,201,86,0,0,1,0,2,1,2,0
16362,74,144,32,28,0,1,1,2,0,0,0
5958,141,194,45,0,0,1,1,5,0,0,0
17267,0,148,109,80,0,1,0,2,6,2,0
3327,20,55,64,0,0,1,1,2,1,2,0
13180,79,38,36,8,0,1,0,2,3,2,0
7764,155,184,44,31,0,1,1,2,3,0,0
1611,236,237,180,8,0,1,1,0,0,0,0
14109,0,452,0,0,0,0,0,0,0,0,0
9409,10,27,21,3,0,1,1,1,3,2,0
6339,0,142,0,0,1,0,0,2,1,2,0
9747,123,138,0,0,0,1,0,0,0,0,0
2866,140,314,84,79,0,1,1,2,1,2,0
12456,160,209,305,118,0,1,0,2,1,6,0
1315,0,143,0,0,0,0,0,2,3,0,0
1164,0,126,0,0,0,0,0,0,0,0,0
1554,127,204,63,30,0,1,1,0,0,0,0
7112,155,144,85,30,0,1,1,1,6,2,0
5696,0,69,226,0,0,0,1,1,6,0,0
5082,1,87,0,0,0,1,0,2,1,0,0
11405,137,221,130,82,0,1,0,2,6,2,0
11868,48,165,133,20,1,1,1,2,6,2,0
809,10,33,18,3,0,1,1,1,0,2,0
9669,89,197,0,0,0,1,0,2,7,2,0
16567,248,20,0,20,0,1,0,2,0,0,0
7854,45,283,75,33,0,1,1,0,0,0,0
1191,0,86,48,0,0,0,0,2,7,10,0
14869,0,494,113,4,1,0,1,2,1,1,0
12350,57,201,101,119,0,1,0,2,1,1,0
3741,116,216,38,200,0,1,1,2,1,2,0
14204,134,276,224,70,0,1,1,2,0,0,0
17407,15,82,0,0,0,1,0,2,6,2,0
11599,141,37,437,0,0,1,1,2,1,0,0
5745,144,76,21,0,0,1,1,2,0,10,0
5251,253,99,63,0,0,1,1,0,0,0,0
3514,0,410,101,75,0,0,0,2,6,2,0
16842,76,45,0,0,0,1,0,2,0,0,0
5485,67,64,74,17,1,1,1,2,6,10,0
6084,87,223,161,21,0,1,1,2,6,0,0
17871,141,128,71,0,0,1,1,2,0,0,0
69,0,37,177,0,0,0,1,1,0,0,0
7914,32,252,0,0,0,0,0,2,0,0,0
13829,178,146,80,111,0,1,1,1,6,10,0
2520,85,346,176,97,0,1,0,2,6,2,0
14817,0,218,78,0,0,1,1,2,1,2,0
10160,86,70,75,0,0,1,0,4,3,5,0
15904,63,208,86,93,0,1,0,2,7,0,0
12636,0,174,204,0,0,0,0,2,0,0,0
6397,105,396,0,0,0,1,0,0,0,0,0
12427,216,458,47,81,0,1,1,2,3,5,0
15211,87,207,73,29,0,1,1,2,6,10,0
15461,147,288,104,35,0,1,1,2,3,10,0
1572,124,123,121,62,0,1,0,2,7,10,0
17438,155,68,97,0,0,1,1,2,6,2,0
7990,32,118,0,0,0,0,0,2,0,0,0
10260,86,208,106,0,0,1,0,2,3,5,0
2369,222,236,285,0,0,1,0,2,6,2,0
16286,105,296,80,21,0,1,1,2,6,2,0
303,0,66,57,17,0,0,0,2,7,2,0
13691,146,22,101,0,0,1,0,2,6,0,0
14094,167,502,44,0,0,1,1,2,0,6,0
3409,256,204,94,32,0,1,1,2,6,0,0
9496,131,116,0,0,0,1,0,5,0,0,0
13084,0,233,228,0,0,1,0,0,0,0,0
8182,32,104,0,0,0,0,0,2,0,0,0
14932,163,144,44,30,0,1,1,2,1,2,0
9339,155,111,82,37,0,1,1,2,0,0,0
2992,140,304,59,123,1,1,1,2,6,2,0
1483,0,308,0,0,0,0,0,4,5,0,0
9869,10,28,20,3,0,1,0,1,0,2,0
9670,208,331,79,12,0,1,1,2,1,0,0
5586,0,98,308,0,0,0,0,0,0,0,0
343,108,67,120,11,0,1,0,2,6,2,0
15841,48,64,0,1,0,1,0,2,1,0,0
2831,72,173,65,48,0,1,1,2,3,0,0
17317,0,42,16,0,0,0,0,0,0,0,0
7754,120,161,186,138,0,1,1,0,0,0,0
633,38,82,23,19,0,1,1,1,3,5,0
7349,218,147,18,6,0,1,1,1,6,0,0
14663,50,228,64,0,0,1,1,2,0,0,0
7530,148,234,60,81,0,1,0,2,3,10,0
9562,0,131,128,0,0,0,0,2,7,3,0
13059,220,141,63,0,0,1,1,2,6,2,0
15923,251,482,173,52,0,1,0,2,6,2,0
17128,100,261,55,142,0,1,1,2,0,0,0
2532,70,165,44,31,0,1,1,2,6,0,0
10292,206,435,92,0,0,1,1,2,2,0,0
883,0,142,16,91,0,1,1,2,0,0,0
4732,230,91,60,16,0,1,1,2,6,0,0
5005,0,93,96,33,0,1,0,2,6,2,0
3544,30,66,99,0,0,1,0,2,6,10,0
15522,89,108,69,9,0,1,0,5,5,2,0
46,885,22,23,0,0,0,0,2,3,2,0
898,111,165,62,0,0,1,1,2,6,2,0
304,86,138,270,0,0,1,0,2,3,5,0
14256,103,127,0,0,0,1,1,0,0,0,0
15246,131,96,0,0,0,1,0,0,0,0,0
6953,148,289,44,81,0,1,1,2,1,10,0
8614,56,347,0,0,0,1,1,0,0,0,0
7515,115,117,31,77,0,1,1,2,3,2,0
17394,208,325,131,71,0,1,1,4,5,8,0
5706,120,136,80,58,0,1,1,2,3,10,0
14876,53,266,51,73,0,1,0,0,0,0,0
6449,78,173,274,0,0,1,1,2,7,0,0
16267,79,47,32,5,0,1,1,2,1,2,0
13456,203,38,0,0,0,1,0,0,0,0,0
4654,41,186,52,22,0,1,1,0,0,0,0
12391,200,410,161,74,0,1,1,2,6,0,0
1965,216,89,28,30,0,1,1,2,0,0,0
2640,125,118,381,125,0,1,1,0,0,0,0
1774,192,18,83,0,0,1,0,0,0,0,0
13173,230,37,0,0,0,1,0,0,0,0,0
15286,10,33,18,3,0,1,1,1,0,2,0
8963,141,365,241,0,0,1,1,1,0,0,0
8931,79,317,96,47,0,1,0,2,1,0,0
10587,79,13,28,42,0,1,1,2,1,5,0
1387,175,202,149,127,0,1,1,2,1,0,0
15068,131,85,15,2,0,1,1,0,7,5,0
14905,70,265,46,42,0,1,0,2,6,6,0
14636,112,132,215,22,1,1,1,2,4,2,0
4203,70,13,0,0,0,1,0,0,0,0,0
2724,79,58,53,16,0,1,1,2,6,2,0
12476,131,298,0,0,0,1,1,2,6,0,0
12997,83,121,69,117,0,1,0,2,6,2,0
4442,24,93,26,37,0,1,1,2,0,2,0
10790,151,261,111,51,0,1,1,2,1,2,0
9301,65,85,23,22,1,1,1,0,0,0,0
10508,178,204,71,111,0,1,1,2,6,2,0
15543,130,217,77,87,0,1,1,2,6,0,0
9995,127,281,63,53,0,1,1,2,3,5,0
4613,18,321,63,0,0,1,0,2,6,2,0
1661,0,58,42,0,0,0,0,2,4,6,0
17080,144,226,43,17,0,1,1,2,6,0,0
17244,129,82,61,7,0,0,1,2,2,6,0
9062,69,70,39,39,0,1,0,2,1,0,0
1818,67,115,40,49,0,1,0,2,2,10,0
3972,192,62,248,0,0,1,0,0,0,0,0
505,90,98,52,12,0,1,1,3,5,8,0
156,60,8,0,0,0,1,0,0,0,0,0
14803,148,125,92,96,0,1,0,2,1,0,0
7186,37,216,13,24,0,1,1,2,1,5,0
1492,0,49,5,0,0,0,0,2,0,2,0
12288,47,83,50,0,0,1,0,1,3,0,0
1316,0,16,105,0,0,0,0,2,6,2,0
16606,69,88,0,0,0,1,0,2,6,2,0
1778,97,149,117,136,0,1,0,2,6,2,0
9458,120,378,42,67,0,1,1,2,6,2,0
14237,0,303,303,14,0,0,0,2,6,2,0
12924,0,200,158,0,0,1,0,0,0,0,0
11926,0,97,143,28,0,0,0,0,1,5,0
3339,0,498,139,96,0,1,0,2,6,0,0
3786,127,331,0,0,0,1,0,2,7,10,0
5343,112,421,18,242,0,1,1,0,0,0,0
4508,124,200,121,42,0,1,1,2,1,2,0
4842,38,148,91,116,0,1,1,0,0,0,0
5603,53,159,116,1,0,1,0,0,0,0,0
963,79,43,57,0,0,1,1,2,1,0,0
10760,86,198,92,0,0,1,0,2,3,5,0
1702,59,416,0,0,0,1,0,3,5,2,0
7287,131,80,6,2,0,1,1,0,7,5,0
14637,131,147,9,4,0,1,1,5,0,3,0
14045,86,169,86,0,0,1,0,2,3,5,0
169,86,118,105,0,0,1,0,2,3,5,0
10948,86,176,112,0,0,1,0,2,3,5,0
16521,0,161,16,7,0,0,0,2,7,2,0
12828,82,82,21,30,0,1,0,2,6,0,0
17192,215,71,0,0,0,1,1,0,0,0,0
15331,10,33,18,3,0,1,1,1,0,2,0
15919,66,134,90,0,0,1,1,2,0,2,0
9959,311,18,176,0,0,1,0,2,6,2,0
5872,222,448,221,12,0,1,0,2,1,2,0
6489,87,134,82,44,0,1,1,2,0,0,0
154,0,153,69,0,0,0,0,1,0,5,0
12035,131,98,0,0,0,1,0,0,0,0,0
6891,102,211,343,28,0,1,0,2,3,2,0
8296,126,109,62,20,0,1,1,2,6,2,0
4665,121,179,79,14,0,1,0,2,6,2,0
8765,141,282,120,0,0,1,1,0,1,0,0
12845,32,29,90,0,0,0,0,2,6,2,0
6361,20,101,58,37,0,1,1,2,1,0,0
5694,63,264,0,0,0,1,1,2,0,0,0
7811,63,200,57,101,0,1,0,2,3,2,0
3297,101,170,88,0,0,1,1,4,0,6,0
12995,123,110,0,0,0,1,0,0,0,0,0
8146,136,76,77,9,0,1,0,2,6,0,0
8806,0,121,108,36,0,0,0,2,0,0,0
4100,111,58,42,0,0,1,1,1,1,5,0
2879,101,219,18,153,0,1,1,0,0,0,0
8114,87,211,76,134,0,1,0,2,1,5,0
11185,10,33,18,3,0,1,1,1,0,2,0
16623,184,49,26,25,0,1,1,0,0,0,0
10177,10,33,18,3,0,1,1,1,0,2,0
12848,312,95,300,0,0,1,1,2,6,0,0
14731,32,176,0,0,0,0,0,2,0,0,0
15995,155,258,100,45,0,1,1,2,3,2,0
3487,218,318,59,76,0,1,0,2,1,1,0
3331,0,152,59,33,0,0,1,2,6,2,0
292,10,33,18,3,0,1,1,1,0,2,0
8610,20,157,94,71,0,1,1,0,0,0,0
5376,0,147,45,0,0,0,1,0,0,0,0
12310,32,311,0,0,0,0,0,2,0,0,0
5431,0,111,231,110,0,0,1,0,0,0,0
4485,53,165,74,0,0,1,0,2,5,6,0
11718,70,46,61,0,0,1,1,0,6,2,0
5400,111,131,24,16,0,0,0,2,3,6,0
446,91,144,59,3,0,1,0,1,3,5,0
8167,70,364,0,0,0,1,1,2,6,2,0
16759,0,245,89,10,0,0,1,0,0,0,0
4826,10,33,18,3,0,1,1,1,0,2,0
16658,0,139,0,101,1,0,0,0,0,0,0
16133,105,183,80,0,0,1,1,2,3,0,0
11014,86,151,86,0,0,1,0,2,3,5,0
14722,64,320,147,15,0,1,1,0,3,5,0
6326,270,547,0,0,0,1,1,2,0,0,0
556,33,24,8,0,0,1,1,2,3,5,0
15961,81,189,0,0,0,1,1,3,7,5,0
8508,65,380,251,10,1,1,1,2,6,2,0
8672,111,295,153,112,0,0,1,2,6,2,0
4006,186,253,0,0,0,1,0,2,1,0,0
4886,226,69,35,0,0,1,0,1,6,0,0
8653,155,72,107,0,0,1,1,2,6,2,0
16753,42,125,243,0,0,0,0,0,0,0,0
2562,0,254,112,30,0,0,0,2,0,2,0
14463,35,156,46,0,0,1,0,2,3,5,0
8051,53,133,322,0,0,1,1,4,0,0,0
4621,131,120,19,10,0,1,1,2,7,5,0
13152,0,408,0,0,0,0,1,2,0,5,0
12176,32,286,0,0,0,0,0,2,0,0,0
574,131,113,243,6,0,1,1,2,6,0,0
16994,65,115,84,17,0,1,0,2,3,5,0
12753,0,224,87,131,0,1,1,2,3,0,0
1073,86,181,105,0,0,1,0,2,3,5,0
9192,120,75,90,41,0,1,1,0,0,0,0
2524,0,59,0,0,0,0,0,2,3,3,0
6662,216,79,21,51,0,1,1,2,3,1,0
17837,104,125,108,0,0,1,0,0,0,0,0
10475,128,134,129,0,0,1,0,2,1,10,0
11734,32,264,0,0,0,0,0,2,0,0,0
14920,76,223,87,92,0,1,1,2,7,0,0
17306,53,135,310,0,0,1,0,2,3,0,0
4325,148,313,70,81,0,1,1,2,1,10,0
4611,0,152,140,60,0,0,1,2,6,0,0
3920,78,194,221,0,0,1,1,2,7,0,0
12814,198,128,47,34,0,1,0,2,0,0,0
3030,0,1,101,54,0,0,0,2,6,2,0
12611,91,327,0,0,0,1,0,0,0,0,0
555,10,35,21,3,0,1,1,1,3,2,0
8882,52,84,121,19,0,1,0,2,6,2,0
1275,64,83,21,0,0,1,1,0,0,0,0
7896,10,35,21,3,0,1,1,1,3,2,0
13370,0,609,134,0,0,0,0,2,1,2,0
8550,0,142,31,0,0,1,1,2,6,2,0
16281,113,90,33,36,0,1,0,0,0,0,0
17879,290,328,160,0,0,1,1,2,6,0,0
15822,41,52,73,0,0,0,0,2,0,0,0
16792,32,84,52,4,0,1,1,2,6,0,0
13938,87,126,84,82,0,1,1,2,0,0,0
13477,15,94,62,53,0,1,1,2,3,1,0
8770,293,26,0,0,0,1,1,0,0,0,0
14691,120,219,40,67,0,1,1,2,7,5,0
2108,226,194,111,32,0,1,0,2,6,0,0
12305,79,161,83,11,0,1,1,2,6,2,0
7728,75,42,155,6,0,0,1,2,6,5,0
13929,33,116,30,3,0,0,1,0,0,0,0
6971,86,158,77,0,0,1,0,4,3,5,0
5832,52,184,22,4,0,1,0,2,0,0,0
3173,188,169,37,66,0,1,1,0,0,0,0
361,377,190,308,0,0,1,1,2,1,2,0
11839,199,119,72,54,0,1,0,0,0,0,0
14056,0,71,131,47,0,0,1,0,0,0,0
5018,29,124,0,44,0,1,1,4,0,5,0
3321,61,66,32,96,0,1,1,2,6,0,0
9309,230,290,59,36,0,1,1,4,3,10,0
10885,86,163,154,27,0,1,0,2,3,5,0
11886,114,38,0,0,0,1,0,0,0,0,0
1015,97,628,331,384,0,1,0,2,2,2,0
9888,91,442,0,0,0,1,0,0,0,0,0
1279,0,286,101,75,0,0,1,2,1,2,0
16888,144,244,66,34,0,1,1,2,6,0,0
1707,401,56,26,8,1,1,0,2,3,5,0
6553,134,183,133,25,0,1,1,0,0,3,0
6394,196,117,0,0,0,0,0,1,0,0,0
3589,209,90,1,1,0,1,0,0,0,0,0
15259,80,157,113,45,0,1,1,2,6,10,0
5176,132,209,14,72,0,1,1,0,0,0,0
11047,45,42,197,61,0,1,1,0,0,0,0
5383,155,350,107,37,0,1,1,2,0,0,0
12862,32,9,26,0,0,0,0,2,6,2,0
10884,131,90,15,2,0,1,0,0,7,5,0
10415,0,214,214,3,0,0,0,2,6,0,0
16776,144,219,43,17,0,1,1,2,6,0,0
6659,141,189,186,0,0,1,0,2,0,0,0
374,0,647,0,0,0,0,0,2,6,5,0
17253,85,151,120,35,0,1,1,2,0,0,0
15566,76,116,72,92,0,1,1,2,7,0,0
12907,0,67,68,0,0,0,0,2,6,10,0
16680,170,178,76,0,0,1,1,2,1,6,0
7813,78,226,72,10,0,1,1,2,1,2,0
8586,32,168,192,0,0,0,0,2,0,0,0
7913,135,86,21,0,0,1,1,0,0,0,0
438,124,123,121,62,0,1,0,2,7,10,0
3259,0,82,50,8,0,0,0,2,7,0,0
5277,53,387,109,26,0,1,1,0,0,6,0
9945,0,59,6,12,0,0,0,2,3,3,0
8913,0,408,62,0,0,1,0,2,3,5,0
5305,0,158,71,26,0,0,0,2,6,2,0
6350,0,204,43,11,0,1,1,2,7,0,0
4223,51,242,85,20,0,1,0,2,3,2,0
15436,68,323,118,14,0,1,0,2,0,7,0
4351,207,176,126,6,0,1,1,2,6,10,0
11312,218,181,55,105,1,1,1,2,7,5,0
12181,131,98,0,0,0,1,0,0,0,0,0
9754,145,253,118,23,0,1,1,2,3,0,0
17509,92,360,221,34,0,1,1,2,2,2,0
4742,32,123,0,0,0,0,0,2,0,0,0
13413,0,174,225,0,0,0,0,2,6,2,0
16716,0,175,22,10,0,0,1,2,0,0,0
282,127,250,38,48,0,1,1,2,0,0,0
9381,226,103,259,148,0,1,1,2,6,6,0
4450,32,185,0,0,0,0,0,2,0,0,0
6263,13,38,48,0,0,1,1,2,3,2,0
1568,131,142,205,0,0,1,0,2,6,11,0
14011,117,137,108,39,0,1,0,2,6,4,0
5613,110,243,108,12,0,1,1,2,6,10,0
6641,216,31,24,51,0,1,1,2,3,1,0
15814,0,73,31,34,1,0,1,1,6,10,0
6024,0,58,117,0,0,0,1,2,6,2,0
12247,0,335,129,80,0,0,0,2,1,2,0
3545,86,151,86,0,0,1,0,2,3,5,0
12606,0,193,74,49,1,1,0,2,6,0,0
6011,10,33,18,3,0,1,1,1,0,2,0
11304,131,92,15,2,0,1,1,0,7,5,0
14913,99,258,85,182,0,1,1,2,3,2,0
9403,0,120,230,0,0,0,0,2,6,0,0
15270,333,404,161,90,0,1,1,2,1,1,0
12795,91,121,24,19,0,1,1,2,7,5,0
2698,68,58,77,11,0,1,1,0,0,0,0
16609,184,39,49,11,0,1,0,2,0,5,0
17307,101,182,27,106,0,1,1,4,5,10,0
14485,152,101,48,75,0,1,0,2,2,0,0
11724,83,136,126,117,0,1,0,2,1,2,0
6653,0,945,0,0,0,0,0,0,0,0,0
1216,149,64,400,74,1,1,1,0,0,0,0
12651,328,16,860,4,0,1,0,0,0,0,0
4765,216,262,27,42,0,1,1,0,0,0,0
15308,10,33,18,3,0,1,1,1,0,2,0
14202,0,53,0,0,0,1,0,0,6,0,0
15861,89,353,68,96,0,1,0,2,0,0,0
15873,148,112,41,76,0,1,0,2,3,0,0
16644,94,107,50,5,1,1,0,4,3,0,0
4193,0,584,0,0,0,0,0,2,0,0,0
7892,0,92,69,55,0,1,0,2,6,0,0
15005,158,303,87,0,0,1,0,2,6,2,0
15641,32,193,0,0,0,0,0,2,0,0,0
5878,101,259,149,128,0,1,1,2,3,5,0
13576,19,197,40,15,0,1,0,2,6,0,0
8978,0,63,57,34,1,0,1,2,6,10,0
18,70,229,0,0,0,1,0,0,0,0,0
1559,0,126,156,25,0,1,0,1,6,2,0
9487,134,327,80,0,0,1,1,2,7,0,0
14743,147,76,57,20,0,1,0,2,3,10,0
11501,39,167,62,54,0,1,1,2,1,5,0
7359,132,87,20,15,0,1,1,2,6,5,0
936,99,108,148,56,0,1,1,2,0,2,0
15184,85,87,27,36,0,1,0,2,3,2,0
7507,47,62,77,47,0,1,1,5,0,0,0
11359,84,178,23,167,0,1,0,2,0,0,0
5928,115,187,19,0,0,1,1,2,6,2,0
2926,251,533,305,33,0,1,0,2,6,2,0
3897,59,191,41,0,0,0,0,2,0,0,0
14564,126,65,51,19,0,1,0,4,6,2,0
13943,0,29,26,0,0,0,0,2,6,2,0
16719,130,101,93,21,0,1,1,2,6,0,0
3532,0,174,0,0,0,0,0,2,3,0,0
5456,0,482,39,0,0,0,1,0,0,0,0
14958,114,314,162,51,0,1,1,2,7,2,0
15498,53,64,192,17,0,1,0,2,6,2,0
15535,32,286,0,0,0,0,0,2,0,0,0
1836,59,317,1,0,0,0,0,2,6,2,0
13463,394,225,67,111,0,1,0,2,3,2,0
766,159,99,31,0,0,1,1,2,7,5,0
3559,222,264,125,13,0,1,1,2,3,5,0
17240,0,276,264,30,0,0,1,0,0,0,0
1547,0,20,4,0,0,0,0,0,0,0,0
16531,1,177,0,0,0,1,0,2,0,0,0
6123,392,155,170,55,0,1,0,2,0,0,0
13623,333,366,168,90,0,1,1,2,1,1,0
10347,178,218,101,111,0,1,1,2,1,2,0
1664,10,33,18,3,0,1,1,1,0,2,0
9818,0,95,134,0,0,0,0,2,0,0,0
7416,0,381,95,84,0,0,0,2,1,10,0
13251,151,333,192,50,0,1,1,2,6,2,0
11988,87,68,51,33,0,1,0,0,0,0,0
1879,127,443,134,50,0,1,1,2,6,2,0
14207,377,479,421,1,0,1,1,2,2,2,0
9640,10,33,18,3,0,1,1,1,0,2,0
2240,191,155,219,80,0,1,1,2,6,10,0
3542,0,377,0,0,0,0,1,0,0,0,0
5339,0,147,45,0,1,0,1,0,0,0,0
12843,30,236,8,0,0,0,0,1,7,3,0
1957,98,137,0,0,0,1,1,0,0,0,0
1719,131,30,32,7,0,0,0,0,0,0,0
4546,92,208,87,5,0,1,0,3,6,0,0
1977,53,157,47,59,0,1,1,2,0,0,0
10421,290,431,259,167,0,1,1,2,1,0,0
12891,82,106,96,37,0,1,1,3,7,2,0
17449,0,261,58,0,0,0,0,1,6,0,0
11902,32,202,0,0,0,0,0,2,0,0,0
10726,123,51,65,0,0,1,0,0,0,0,0
17460,141,342,66,0,0,1,1,2,1,0,0
17184,0,11,30,0,0,1,1,0,0,0,0
15881,243,34,411,0,0,1,1,0,0,0,0
11552,350,496,32,105,0,1,0,2,1,2,0
3962,251,412,230,41,0,1,0,2,6,11,0
5425,55,339,74,0,0,1,0,0,0,0,0
7737,131,134,0,0,0,1,0,5,0,0,0
3736,0,147,9,8,0,0,0,2,1,2,0
1525,97,272,116,0,0,1,0,4,6,3,0
1731,198,19,0,0,0,1,0,2,5,1,0
6554,0,72,86,0,0,1,0,1,0,0,0
7891,0,137,1,0,0,0,0,2,1,6,0
14712,32,83,0,0,0,0,0,2,0,0,0
10697,83,122,72,116,0,1,0,2,6,2,0
7455,92,207,66,0,0,1,1,1,6,2,0
14922,0,94,41,37,0,1,1,2,1,0,0
16243,86,136,142,48,0,1,0,2,2,0,0
8368,222,100,54,0,0,1,0,2,6,2,0
858,50,87,114,45,0,1,1,4,3,5,0
5371,121,129,61,0,0,1,1,2,1,0,0
4253,10,50,15,3,0,1,1,1,3,2,0
13158,271,441,45,41,0,1,1,2,7,6,0
3583,192,63,80,0,0,1,0,0,0,0,0
11210,45,137,147,11,0,1,1,2,1,10,0
16401,205,458,150,0,0,1,1,2,1,0,0
9434,72,60,39,67,0,1,0,1,7,2,0
4777,0,156,28,72,0,0,0,2,1,10,0
11384,57,53,184,22,0,1,0,2,6,2,0
12600,20,105,62,32,0,1,1,2,0,0,0
4876,50,149,53,6,1,1,1,1,6,11,0
13490,102,51,104,81,0,1,0,2,3,10,0
2945,93,123,42,28,0,1,0,2,6,0,0
7237,0,139,10,25,0,0,0,0,0,0,0
10448,256,233,50,25,0,1,1,2,6,2,0
3750,29,100,0,21,0,1,1,4,0,0,0
4581,216,73,73,41,0,1,1,2,1,5,0
3581,0,147,148,137,0,1,1,2,6,0,0
1958,132,129,93,0,0,1,1,2,6,3,0
10977,86,114,100,0,0,1,0,2,3,5,0
552,86,239,174,0,0,1,0,2,3,5,0
2604,324,80,26,43,0,1,1,0,0,0,0
817,10,28,20,3,0,1,0,1,0,2,0
3915,78,115,99,33,0,1,1,2,0,0,0
1967,10,57,19,0,0,1,0,4,3,10,0
6018,10,33,18,3,0,1,1,1,0,2,0
11963,230,111,139,0,0,1,0,2,3,2,0
7222,0,96,44,37,0,1,1,2,3,10,0
11650,118,126,190,16,0,1,0,2,6,2,0
14925,151,228,78,30,0,1,1,2,6,10,0
12469,10,31,18,3,0,1,1,1,0,2,0
1779,88,339,165,66,0,1,1,0,5,8,0
1370,0,174,0,0,0,0,0,2,3,0,0
16019,141,102,83,0,0,1,0,0,0,0,0
14105,10,33,18,3,0,1,1,1,0,2,0
7738,131,50,15,2,0,1,0,0,7,5,0
5784,25,104,159,0,0,1,0,0,0,0,0
14890,32,37,81,0,0,0,0,2,6,2,0
2509,10,31,18,3,0,1,1,1,0,2,0
9750,10,33,18,3,0,1,1,1,0,2,0
7545,86,325,242,52,0,1,0,2,0,0,0
16709,0,54,186,11,1,0,0,2,1,6,0
923,0,194,0,0,0,1,0,2,0,2,0
3468,52,108,19,0,1,1,1,1,7,0,0
7364,83,179,89,115,0,1,1,2,6,6,0
15938,167,497,43,0,0,1,1,2,0,6,0
13990,108,408,0,0,0,1,0,0,0,0,0
14280,22,311,135,142,1,1,1,0,0,0,0
2094,0,38,258,62,0,0,0,0,0,0,0
7527,120,75,58,58,0,1,0,0,0,0,0
11951,141,199,92,0,0,1,1,0,0,2,0
11437,45,89,61,37,0,1,1,0,0,0,0
8893,116,197,59,186,0,1,0,2,1,5,0
15569,99,97,97,209,0,1,1,2,0,0,0
7986,0,94,142,0,0,0,0,2,1,0,0
10351,48,235,0,0,0,1,0,0,0,0,0
13927,0,41,0,0,0,0,0,2,0,0,0
7626,51,156,177,38,0,1,1,2,6,5,0
10897,154,498,31,109,0,1,1,2,3,5,0
6038,49,121,41,18,0,1,1,4,0,0,0
11012,178,170,47,109,0,1,1,2,3,2,0
14724,141,168,83,0,0,1,1,2,0,0,0
13646,112,66,23,52,0,1,1,2,0,0,0
13372,222,411,120,0,0,1,0,2,1,2,0
8757,0,257,20,0,0,0,0,2,6,6,0
10673,131,128,25,2,0,1,1,0,1,11,0
8617,67,140,21,85,0,1,0,2,0,2,0
14578,320,259,61,0,0,1,0,2,3,0,0
12197,32,145,0,0,0,0,0,2,0,0,0
10832,20,120,68,0,0,1,1,2,6,6,0
16660,0,127,0,0,0,0,0,2,6,0,0
17185,100,84,76,65,0,1,1,2,1,5,0
1826,182,168,101,18,1,1,1,0,0,0,0
14118,0,584,0,0,0,0,0,2,0,0,0
12470,82,29,78,0,0,0,0,2,0,0,0
9816,83,124,66,117,0,1,0,2,0,2,0
3671,0,36,87,0,0,0,1,2,6,0,0
7934,32,145,0,0,0,0,0,2,0,0,0
15099,247,307,0,0,0,1,0,2,0,2,0
7687,35,341,0,0,0,0,1,2,3,0,0
9144,175,729,138,60,0,1,1,2,6,2,0
15767,130,197,182,36,0,1,1,2,0,0,0
10759,86,280,86,0,0,1,0,4,3,5,0
9347,99,225,132,0,0,1,0,2,0,0,0
4272,77,359,56,148,0,1,0,2,6,2,0
1895,116,464,115,0,0,1,1,2,6,6,0
16797,0,84,13,4,1,1,0,2,7,5,0
15918,52,144,122,0,0,1,1,2,0,0,0
11140,0,95,0,0,0,0,1,2,1,0,0
5316,120,134,19,39,0,1,1,2,3,10,0
3584,126,119,36,20,0,1,1,2,6,2,0
6431,319,156,35,0,0,1,1,0,0,0,0
14496,111,186,83,33,0,1,1,2,6,0,0
10487,92,193,73,0,0,1,0,2,1,2,0
7856,14,149,18,34,0,1,0,2,6,10,0
11208,88,153,90,39,0,1,0,5,5,6,0
7099,122,81,118,0,1,1,1,2,0,0,0
14268,0,462,177,85,0,0,0,2,6,2,0
11913,155,140,30,37,0,1,1,2,4,0,0
11679,155,537,135,5,0,1,1,2,7,2,0
8751,46,153,110,102,0,1,1,0,0,0,0
10465,65,290,92,0,0,1,1,2,1,2,0
9283,111,186,83,33,0,1,1,2,6,0,0
4294,86,151,88,0,0,1,0,2,3,5,0
2837,41,470,64,27,0,1,0,2,6,2,0
9389,71,94,76,62,0,1,0,2,1,5,0
6584,155,180,61,30,0,1,1,2,2,2,0
4687,30,324,0,0,0,1,1,0,0,0,0
7111,164,61,89,11,0,0,1,2,6,6,0
16725,248,61,61,0,0,1,0,2,1,0,0
11975,102,123,123,14,0,0,0,2,6,2,0
3357,0,60,114,0,0,0,1,0,0,0,0
3730,401,69,10,6,1,1,0,2,3,5,0
3157,36,36,71,15,0,1,1,0,0,0,0
1139,0,193,15,24,0,1,0,2,0,0,0
15631,111,89,59,0,0,1,0,2,0,2,0
2225,207,137,38,12,0,1,1,2,1,5,0
12914,87,210,120,83,0,1,1,2,5,0,0
13680,83,197,51,24,0,1,1,1,6,10,0
9010,10,27,21,3,0,1,1,1,3,2,0
8087,10,37,21,3,0,1,1,1,3,2,0
8556,294,77,281,0,0,1,1,2,6,2,0
12038,33,110,261,14,0,1,1,2,1,1,0
4923,29,124,0,44,0,1,1,4,0,5,0
15198,0,174,0,0,0,0,0,0,0,0,0
13418,32,135,0,0,0,0,0,2,0,0,0
14223,78,279,156,25,0,1,1,2,7,5,0
13899,0,108,57,0,0,1,1,1,7,5,0
8589,158,186,62,0,0,1,0,2,6,2,0
2982,72,44,0,72,0,1,1,0,0,0,0
13415,32,81,0,0,0,0,0,2,0,0,0
14220,175,205,92,83,0,1,1,2,0,5,0
2131,198,26,0,0,0,1,0,4,5,2,0
